conversation_id,Created_at_convert,author_id,referenced_tweets
1536824754010734594,2022-06-23 13:26:48-03:00,1263906422108151814,[<ReferencedTweet id=1536824754010734594 type=replied_to]
1539194174427176961,2022-06-21 21:24:38-03:00,326956870,[<ReferencedTweet id=1539194174427176961 type=replied_to]
1539222647556513792,2022-06-21 21:55:05-03:00,1539290911175323652,[<ReferencedTweet id=1539222647556513792 type=replied_to]
1539232527407366145,2022-06-22 14:40:43-03:00,192422427,[<ReferencedTweet id=1539232527407366145 type=replied_to]
1539244242853298179,2022-06-22 13:21:01-03:00,1380751170,[<ReferencedTweet id=1539244242853298179 type=replied_to]
1539247456956952578,2022-06-22 10:48:58-03:00,312681939,[<ReferencedTweet id=1539247456956952578 type=replied_to]
1539264827897565188,2022-06-21 23:40:44-03:00,386888426,[<ReferencedTweet id=1539355913471115265 type=replied_to]
1539298921553469442,2022-06-22 11:56:00-03:00,1519654056842649600,[<ReferencedTweet id=1539298921553469442 type=replied_to]
1539319883799748609,2022-06-22 12:08:01-03:00,1520745291938516992,[<ReferencedTweet id=1539319883799748609 type=replied_to]
1539324359663407105,2022-06-21 22:02:00-03:00,1245339815043792897,[<ReferencedTweet id=1539324359663407105 type=replied_to]
1539365749898321920,2022-06-21 23:47:32-03:00,64881139,[<ReferencedTweet id=1539365749898321920 type=replied_to]
1539381009795391488,2022-06-22 19:23:08-03:00,1254492183727607808,[<ReferencedTweet id=1539482091062276097 type=replied_to]
1539397786705313792,2022-06-21 21:00:07-03:00,53782239,[<ReferencedTweet id=1539255708675457024 type=retweeted]
1539397975746781184,2022-06-21 21:00:52-03:00,1177254141460176901,[<ReferencedTweet id=1539306541513318400 type=retweeted]
1539398204327960577,2022-06-21 21:01:47-03:00,1131305781670961154,
1539398229929996288,2022-06-21 21:01:53-03:00,247798493,[<ReferencedTweet id=1539222647556513792 type=retweeted]
1539398710785892354,2022-06-21 21:03:47-03:00,1011683701892222977,[<ReferencedTweet id=1539222647556513792 type=retweeted]
1539399145819086850,2022-06-21 21:05:31-03:00,1083391237850361856,[<ReferencedTweet id=1539235924881682433 type=retweeted]
1539399190564032513,2022-06-21 21:05:42-03:00,18020877,[<ReferencedTweet id=1539222647556513792 type=retweeted]
1539399378309419010,2022-06-21 21:20:49-03:00,814703206366400512,[<ReferencedTweet id=1539399378309419010 type=replied_to]
1539399450245857283,2022-06-21 21:06:44-03:00,2445977294,[<ReferencedTweet id=1539222647556513792 type=retweeted]
1539399930887938050,2022-06-21 21:08:38-03:00,1430503204459094021,[<ReferencedTweet id=1539222647556513792 type=retweeted]
1539400196773367809,2022-06-21 21:09:42-03:00,1131305781670961154,
1539400386297090048,2022-06-21 21:10:27-03:00,17021512,[<ReferencedTweet id=1539368510190764033 type=retweeted]
1539400853500600321,2022-06-21 21:12:18-03:00,61332283,[<ReferencedTweet id=1539222647556513792 type=retweeted]
1539400922874679297,2022-06-21 21:12:35-03:00,1476984137265336320,[<ReferencedTweet id=1539255708675457024 type=retweeted]
1539401141636812800,2022-06-21 21:13:27-03:00,403709147,[<ReferencedTweet id=1539222647556513792 type=retweeted]
1539401314593120258,2022-06-21 21:14:08-03:00,2351562463,[<ReferencedTweet id=1539235924881682433 type=retweeted]
1539401430779428867,2022-06-21 21:14:36-03:00,66983183,[<ReferencedTweet id=1539235924881682433 type=retweeted]
1539401443832217603,2022-06-21 21:14:39-03:00,1428377648267501578,[<ReferencedTweet id=1539255708675457024 type=retweeted]
1539401489906540544,2022-06-21 21:14:50-03:00,1551051134,[<ReferencedTweet id=1539245341463175170 type=retweeted]
1539401803107803136,2022-06-21 21:16:05-03:00,1358349685338079232,[<ReferencedTweet id=1539368510190764033 type=retweeted]
1539402137876283397,2022-06-21 21:17:25-03:00,818356860,[<ReferencedTweet id=1539255708675457024 type=retweeted]
1539402288938336256,2022-06-21 21:18:01-03:00,1353727138701172737,[<ReferencedTweet id=1539222647556513792 type=retweeted]
1539402718787289088,2022-06-21 21:19:43-03:00,1444883449,[<ReferencedTweet id=1539368510190764033 type=retweeted]
1539402726626435072,2022-06-21 21:19:45-03:00,1267525209004871685,[<ReferencedTweet id=1539235924881682433 type=retweeted]
1539403034094092290,2022-06-21 21:20:58-03:00,1476984137265336320,[<ReferencedTweet id=1539222647556513792 type=retweeted]
1539403668805517318,2022-06-21 21:23:30-03:00,1077563094656839680,[<ReferencedTweet id=1539222647556513792 type=retweeted]
1539404232217985029,2022-06-21 21:25:44-03:00,2565966451,[<ReferencedTweet id=1539222647556513792 type=retweeted]
1539404783097942017,2022-06-21 21:27:55-03:00,1467647936230211590,[<ReferencedTweet id=1539222647556513792 type=retweeted]
1539404794846224384,2022-06-21 21:27:58-03:00,1479248137965420550,[<ReferencedTweet id=1539222647556513792 type=retweeted]
1539404946902331392,2022-06-21 21:28:34-03:00,1077015936543150080,[<ReferencedTweet id=1539222647556513792 type=retweeted]
1539405088329957377,2022-06-21 21:29:08-03:00,1491850674820239362,[<ReferencedTweet id=1539222647556513792 type=retweeted]
1539405841933156354,2022-06-21 21:32:08-03:00,1518944323609534468,[<ReferencedTweet id=1538932590270455810 type=quoted]
1539406238680858627,2022-06-21 21:33:42-03:00,1265982796843167748,[<ReferencedTweet id=1539222647556513792 type=retweeted]
1539406586397052929,2022-06-21 21:35:05-03:00,1106595531059539970,[<ReferencedTweet id=1539222647556513792 type=retweeted]
1539406610749083651,2022-06-21 21:35:11-03:00,722379735364448257,[<ReferencedTweet id=1539368510190764033 type=retweeted]
1539407279996698624,2022-06-21 21:37:51-03:00,3990138682,[<ReferencedTweet id=1539245341463175170 type=retweeted]
1539407326242820096,2022-06-21 21:38:02-03:00,1056284289648730118,[<ReferencedTweet id=1539255708675457024 type=retweeted]
1539407398263214080,2022-06-21 21:38:19-03:00,2696090817,
1539407429888364550,2022-06-21 21:38:26-03:00,1254412430114983936,[<ReferencedTweet id=1539222647556513792 type=retweeted]
1539408351066472448,2022-06-21 21:42:06-03:00,1112896906169024512,[<ReferencedTweet id=1539222647556513792 type=retweeted]
1539408569375801344,2022-06-21 21:42:58-03:00,152473645,[<ReferencedTweet id=1539222647556513792 type=retweeted]
1539409051083329537,2022-06-21 21:44:53-03:00,1249179142748282881,[<ReferencedTweet id=1539235924881682433 type=retweeted]
1539410565180923905,2022-06-21 21:50:54-03:00,1395494479969366032,[<ReferencedTweet id=1539368510190764033 type=retweeted]
1539410728314093569,2022-06-21 21:51:33-03:00,1119343892946669568,[<ReferencedTweet id=1539235924881682433 type=retweeted]
1539411184956456961,2022-06-21 21:53:22-03:00,1251240487094272000,[<ReferencedTweet id=1539235924881682433 type=retweeted]
1539412004670160896,2022-06-21 21:56:37-03:00,1298684422083031047,[<ReferencedTweet id=1539235924881682433 type=retweeted]
1539412217661165568,2022-06-22 08:35:21-03:00,1519654056842649600,[<ReferencedTweet id=1539412217661165568 type=replied_to]
1539412235398823936,2022-06-21 21:57:32-03:00,1432198833421918209,[<ReferencedTweet id=1539235924881682433 type=retweeted]
1539412250452164609,2022-06-21 21:57:36-03:00,1537746012319752195,[<ReferencedTweet id=1539255708675457024 type=retweeted]
1539412984149196802,2022-06-21 22:00:30-03:00,1177254141460176901,[<ReferencedTweet id=1539222647556513792 type=retweeted]
1539413700716666880,2022-06-21 22:03:21-03:00,1427741905,[<ReferencedTweet id=1539222647556513792 type=retweeted]
1539413823374901249,2022-06-21 22:03:51-03:00,1519106438882369537,[<ReferencedTweet id=1539222647556513792 type=retweeted]
1539413971551363074,2022-06-21 22:04:26-03:00,57321127,[<ReferencedTweet id=1539235924881682433 type=retweeted]
1539414050785968129,2022-06-21 22:04:45-03:00,63268590,[<ReferencedTweet id=1539235924881682433 type=retweeted]
1539414726685429761,2022-06-21 22:07:26-03:00,791597576403451904,[<ReferencedTweet id=1539235924881682433 type=retweeted]
1539414918369271808,2022-06-21 22:08:12-03:00,2455765067,[<ReferencedTweet id=1539222647556513792 type=retweeted]
1539414983175557122,2022-06-21 22:08:27-03:00,1519322318585094145,[<ReferencedTweet id=1539222647556513792 type=retweeted]
1539415384545165313,2022-06-21 22:10:03-03:00,1519820137980907523,
1539415727815512065,2022-06-21 22:11:25-03:00,1528568251520794624,[<ReferencedTweet id=1539222647556513792 type=retweeted]
1539415797717684224,2022-06-21 22:11:41-03:00,50073439,[<ReferencedTweet id=1539235924881682433 type=retweeted]
1539415844329082881,2022-06-21 22:11:52-03:00,1143514237588901888,[<ReferencedTweet id=1539222647556513792 type=retweeted]
1539416069936492544,2022-06-21 22:12:46-03:00,1508089191598641168,[<ReferencedTweet id=1539222647556513792 type=retweeted]
1539416492923576322,2022-06-21 22:14:27-03:00,982616748062109696,[<ReferencedTweet id=1539222647556513792 type=retweeted]
1539416959141429250,2022-06-21 22:16:18-03:00,3044165194,[<ReferencedTweet id=1539222647556513792 type=retweeted]
1539417093032054784,2022-06-21 22:16:50-03:00,1253705929192869888,[<ReferencedTweet id=1539255708675457024 type=retweeted]
1539417628413935619,2022-06-21 22:18:58-03:00,1140211070780489733,[<ReferencedTweet id=1539255708675457024 type=retweeted]
1539417735913930757,2022-06-21 22:19:23-03:00,1167169477441654785,[<ReferencedTweet id=1539222647556513792 type=retweeted]
1539418479085998085,2022-06-21 22:22:21-03:00,860312926787391488,[<ReferencedTweet id=1539222647556513792 type=retweeted]
1539418614817775617,2022-06-21 22:22:53-03:00,170122591,[<ReferencedTweet id=1539222647556513792 type=retweeted]
1539418656777674756,2022-06-21 22:23:03-03:00,170122591,[<ReferencedTweet id=1536089590263648258 type=retweeted]
1539419476587950080,2022-06-21 22:26:18-03:00,1247975364586078208,[<ReferencedTweet id=1539222647556513792 type=retweeted]
1539419783006912517,2022-06-21 22:27:31-03:00,223318207,[<ReferencedTweet id=1539222647556513792 type=retweeted]
1539420798955540480,2022-06-21 22:31:34-03:00,732406142085828609,
1539421156557586433,2022-06-21 22:32:59-03:00,907580686684606466,[<ReferencedTweet id=1539222647556513792 type=retweeted]
1539421672935137280,2022-06-21 22:35:02-03:00,2440298656,[<ReferencedTweet id=1539222647556513792 type=retweeted]
1539424008323604480,2022-06-21 22:44:19-03:00,1060296363597012992,[<ReferencedTweet id=1539402993665294337 type=retweeted]
1539424059435499520,2022-06-21 22:44:31-03:00,1125110648,[<ReferencedTweet id=1539222647556513792 type=retweeted]
1539424993628631040,2022-06-21 22:48:14-03:00,1854806353,[<ReferencedTweet id=1539235924881682433 type=retweeted]
1539426113079885824,2022-06-21 22:52:41-03:00,1352379461539393536,[<ReferencedTweet id=1539222647556513792 type=retweeted]
1539426532116025344,2022-06-21 22:54:21-03:00,1505721760196538374,[<ReferencedTweet id=1539222647556513792 type=retweeted]
1539426596905418753,2022-06-21 22:54:36-03:00,1535720843686383617,[<ReferencedTweet id=1539235924881682433 type=retweeted]
1539426628501217281,2022-06-21 22:54:44-03:00,1519292707813928961,[<ReferencedTweet id=1539222647556513792 type=retweeted]
1539426737909641217,2022-06-21 22:55:10-03:00,1113912790039842824,[<ReferencedTweet id=1539255708675457024 type=retweeted]
1539427686719840263,2022-06-21 22:58:56-03:00,1408578948628373510,[<ReferencedTweet id=1539222647556513792 type=retweeted]
1539428001401683968,2022-06-21 23:00:11-03:00,1530295252413710337,[<ReferencedTweet id=1539222647556513792 type=retweeted]
1539428413362081792,2022-06-21 23:01:49-03:00,1461878648433254403,
1539428543897165826,2022-06-21 23:02:20-03:00,784030173805023232,[<ReferencedTweet id=1539235924881682433 type=retweeted]
1539428848537853952,2022-06-21 23:03:33-03:00,2183082127,[<ReferencedTweet id=1539222647556513792 type=retweeted]
1539429371332726784,2022-06-21 23:05:37-03:00,1327387013004341249,[<ReferencedTweet id=1538989827437301761 type=retweeted]
1539429648408494080,2022-06-21 23:06:44-03:00,1293350703059042306,[<ReferencedTweet id=1539222647556513792 type=retweeted]
1539429672131481603,2022-06-21 23:06:49-03:00,1434557247036739584,[<ReferencedTweet id=1539235924881682433 type=retweeted]
1539430713581260801,2022-06-21 23:10:58-03:00,142826662,[<ReferencedTweet id=1539255708675457024 type=retweeted]
1539431251983093762,2022-06-21 23:13:06-03:00,19427654,[<ReferencedTweet id=1539222647556513792 type=retweeted]
1539433008696115201,2022-06-21 23:20:05-03:00,4869843430,[<ReferencedTweet id=1539222647556513792 type=retweeted]
1539433073334435840,2022-06-21 23:20:20-03:00,3081037505,
1539433420555788288,2022-06-21 23:21:43-03:00,327137617,[<ReferencedTweet id=1539222647556513792 type=retweeted]
1539433454164660226,2022-06-21 23:21:51-03:00,748138672319528960,[<ReferencedTweet id=1539222647556513792 type=retweeted]
1539435021576114176,2022-06-21 23:28:05-03:00,40336794,[<ReferencedTweet id=1539222647556513792 type=retweeted]
1539436174430838785,2022-06-21 23:32:39-03:00,1407345818844160013,
1539436179153637377,2022-06-21 23:32:41-03:00,34694744,[<ReferencedTweet id=1539222647556513792 type=retweeted]
1539436636945121280,2022-06-21 23:34:30-03:00,1520024068917014531,[<ReferencedTweet id=1539255708675457024 type=retweeted]
1539437051568955393,2022-06-21 23:36:09-03:00,1035964751954751488,[<ReferencedTweet id=1539222647556513792 type=retweeted]
1539437582513328129,2022-06-21 23:38:15-03:00,1336906348307607553,[<ReferencedTweet id=1539222647556513792 type=retweeted]
1539437719771832323,2022-06-21 23:38:48-03:00,1353792631013257218,[<ReferencedTweet id=1539245341463175170 type=retweeted]
1539439349271433216,2022-06-21 23:45:16-03:00,1519150347591290880,[<ReferencedTweet id=1539255708675457024 type=retweeted]
1539439531010805760,2022-06-21 23:46:00-03:00,1245089757245460481,[<ReferencedTweet id=1539235924881682433 type=retweeted]
1539440114841034753,2022-06-21 23:48:19-03:00,3239594506,[<ReferencedTweet id=1539235924881682433 type=retweeted]
1539440308030775296,2022-06-21 23:49:05-03:00,1531834696920973312,[<ReferencedTweet id=1539222647556513792 type=retweeted]
1539440606786818051,2022-06-21 23:50:16-03:00,1408522455904407556,[<ReferencedTweet id=1539235924881682433 type=retweeted]
1539440612088356864,2022-06-21 23:50:18-03:00,1281773069581930497,[<ReferencedTweet id=1539235924881682433 type=retweeted]
1539440872097464320,2022-06-21 23:51:19-03:00,3089845516,[<ReferencedTweet id=1539235924881682433 type=retweeted]
1539441430086799360,2022-06-21 23:53:33-03:00,1425185503343697920,[<ReferencedTweet id=1539222647556513792 type=retweeted]
1539442245912383492,2022-06-21 23:56:47-03:00,1515462978472185857,[<ReferencedTweet id=1539222647556513792 type=retweeted]
1539442462715957250,2022-06-21 23:57:39-03:00,1266066300645847046,[<ReferencedTweet id=1539235924881682433 type=retweeted]
1539442471725416455,2022-06-21 23:57:41-03:00,26136227,[<ReferencedTweet id=1539235924881682433 type=retweeted]
1539443273890205696,2022-06-22 00:00:52-03:00,73513427,[<ReferencedTweet id=1539255708675457024 type=retweeted]
1539443343586906117,2022-06-22 00:01:09-03:00,1294728939357851649,[<ReferencedTweet id=1539222647556513792 type=retweeted]
1539443509983182848,2022-06-22 00:01:48-03:00,1260733915066773512,[<ReferencedTweet id=1539222647556513792 type=retweeted]
1539444028520943616,2022-06-22 00:03:52-03:00,3996939436,[<ReferencedTweet id=1539222647556513792 type=retweeted]
1539445005756121088,2022-06-22 00:07:45-03:00,363339056,[<ReferencedTweet id=1539222647556513792 type=retweeted]
1539446083742466048,2022-06-22 00:12:02-03:00,1448982364307267585,[<ReferencedTweet id=1539222647556513792 type=retweeted]
1539446378870480897,2022-06-22 00:13:12-03:00,965677616253558784,[<ReferencedTweet id=1539368510190764033 type=retweeted]
1539448298389528579,2022-06-22 00:20:50-03:00,298292516,[<ReferencedTweet id=1539222647556513792 type=retweeted]
1539448570562154497,2022-06-22 00:21:55-03:00,1531696037701771266,[<ReferencedTweet id=1539235924881682433 type=retweeted]
1539449311464931334,2022-06-22 00:24:52-03:00,119731647,[<ReferencedTweet id=1539235924881682433 type=retweeted]
1539449849996771331,2022-06-22 00:27:00-03:00,1388935564888522755,[<ReferencedTweet id=1539235924881682433 type=retweeted]
1539450707153240064,2022-06-22 00:30:24-03:00,1495403166736789505,[<ReferencedTweet id=1539222647556513792 type=retweeted]
1539452005651038214,2022-06-22 00:35:34-03:00,151283159,[<ReferencedTweet id=1539222647556513792 type=retweeted]
1539455400105353217,2022-06-22 00:49:03-03:00,2571206145,[<ReferencedTweet id=1539222647556513792 type=retweeted]
1539455831242153984,2022-06-22 00:50:46-03:00,1163978653446868997,[<ReferencedTweet id=1539368510190764033 type=retweeted]
1539455919792263171,2022-06-22 00:51:07-03:00,312955562,[<ReferencedTweet id=1539235924881682433 type=retweeted]
1539455969557610496,2022-06-22 00:51:19-03:00,1053475419423473665,[<ReferencedTweet id=1539222647556513792 type=retweeted]
1539456235052879872,2022-06-22 00:52:22-03:00,300985641,[<ReferencedTweet id=1539368510190764033 type=retweeted]
1539456531804078088,2022-06-22 00:53:33-03:00,46725674,[<ReferencedTweet id=1539368510190764033 type=retweeted]
1539456535688056833,2022-06-22 00:53:34-03:00,89399190,[<ReferencedTweet id=1539368510190764033 type=retweeted]
1539457496909217792,2022-06-22 00:57:23-03:00,1206956455225675776,[<ReferencedTweet id=1539222647556513792 type=retweeted]
1539457522322616324,2022-06-22 00:57:29-03:00,1172612844610818049,[<ReferencedTweet id=1539368510190764033 type=retweeted]
1539457538680410113,2022-06-22 00:57:33-03:00,1292085635193483264,[<ReferencedTweet id=1539368510190764033 type=retweeted]
1539458396704985088,2022-06-22 01:00:58-03:00,842750525871394818,[<ReferencedTweet id=1539222647556513792 type=retweeted]
1539458496248352768,2022-06-22 01:01:21-03:00,1264622366392451073,[<ReferencedTweet id=1539368510190764033 type=retweeted]
1539459399852367874,2022-06-22 01:04:57-03:00,1128912441142841345,[<ReferencedTweet id=1539222647556513792 type=retweeted]
1539460092621357058,2022-06-22 01:07:42-03:00,1491946203092770823,
1539460344552226816,2022-06-22 01:08:42-03:00,1018867112843104256,[<ReferencedTweet id=1539222647556513792 type=retweeted]
1539462823339753472,2022-06-22 01:18:33-03:00,1479972751620427780,[<ReferencedTweet id=1539368510190764033 type=retweeted]
1539463597457391616,2022-06-22 01:21:38-03:00,1106002792588763138,[<ReferencedTweet id=1539368510190764033 type=retweeted]
1539469056591511558,2022-06-22 01:43:19-03:00,1355315003532992514,[<ReferencedTweet id=1539222647556513792 type=retweeted]
1539469375337644034,2022-06-22 01:44:35-03:00,1355315003532992514,[<ReferencedTweet id=1536089590263648258 type=retweeted]
1539469418601783297,2022-06-22 02:00:44-03:00,1181664232133287936,[<ReferencedTweet id=1539469418601783297 type=replied_to]
1539469728686739457,2022-06-22 01:45:59-03:00,1059049111742234624,[<ReferencedTweet id=1539222647556513792 type=retweeted]
1539471194138759168,2022-06-22 01:51:49-03:00,1493750118071242757,[<ReferencedTweet id=1539235924881682433 type=retweeted]
1539471792162672640,2022-06-22 01:54:11-03:00,1254974021801775104,
1539476447080984577,2022-06-22 02:12:41-03:00,629624725,[<ReferencedTweet id=1539235924881682433 type=retweeted]
1539477697700712448,2022-06-22 02:17:39-03:00,925939519,[<ReferencedTweet id=1539222647556513792 type=retweeted]
1539478323998359552,2022-06-22 02:20:09-03:00,1062615133959131136,[<ReferencedTweet id=1539357406186070016 type=retweeted]
1539478845090316288,2022-06-22 02:22:13-03:00,20177869,[<ReferencedTweet id=1539222647556513792 type=retweeted]
1539480146541178880,2022-06-22 02:27:23-03:00,206085871,[<ReferencedTweet id=1539222647556513792 type=retweeted]
1539481560969363458,2022-06-22 02:33:00-03:00,1106019765028614144,[<ReferencedTweet id=1539222647556513792 type=retweeted]
1539481725604085762,2022-06-22 02:33:40-03:00,1143516065600811009,[<ReferencedTweet id=1539255708675457024 type=retweeted]
1539482083718045698,2022-06-22 02:35:05-03:00,278657567,[<ReferencedTweet id=1539222647556513792 type=retweeted]
1539484074322104320,2022-06-22 02:43:00-03:00,1534746165387968514,[<ReferencedTweet id=1539368510190764033 type=retweeted]
1539494168296312832,2022-06-22 03:23:06-03:00,133719291,[<ReferencedTweet id=1539341202205573126 type=quoted]
1539494906699333632,2022-06-22 03:26:02-03:00,1523959776530550784,[<ReferencedTweet id=1539222647556513792 type=retweeted]
1539497391925121025,2022-06-22 03:35:55-03:00,1303686356644880387,[<ReferencedTweet id=1539222647556513792 type=retweeted]
1539497647907684353,2022-06-22 03:36:56-03:00,762777992837947392,[<ReferencedTweet id=1539222647556513792 type=retweeted]
1539497891240222721,2022-06-22 03:37:54-03:00,1432378665334095872,[<ReferencedTweet id=1539255708675457024 type=retweeted]
1539500377544040448,2022-06-22 03:47:47-03:00,1479950967139405827,[<ReferencedTweet id=1539222647556513792 type=retweeted]
1539500407310798848,2022-06-22 03:47:54-03:00,69901110,[<ReferencedTweet id=1539222647556513792 type=retweeted]
1539501207370313728,2022-06-22 03:51:05-03:00,977642641251799040,[<ReferencedTweet id=1539222647556513792 type=retweeted]
1539501992405508101,2022-06-22 03:54:12-03:00,1354456332,[<ReferencedTweet id=1539222647556513792 type=retweeted]
1539503492062134272,2022-06-22 04:00:09-03:00,841780728895533056,[<ReferencedTweet id=1539222647556513792 type=retweeted]
1539503999614853120,2022-06-22 04:02:10-03:00,1401648356808695809,[<ReferencedTweet id=1539222647556513792 type=retweeted]
1539510019477192708,2022-06-22 04:26:06-03:00,310550036,[<ReferencedTweet id=1539235924881682433 type=retweeted]
1539511116497297409,2022-06-22 04:30:27-03:00,1299367922008285186,[<ReferencedTweet id=1539222647556513792 type=retweeted]
1539512515725512704,2022-06-22 04:36:01-03:00,978843469849550848,[<ReferencedTweet id=1539255708675457024 type=retweeted]
1539513661663895559,2022-06-22 04:40:34-03:00,1120293939674849281,[<ReferencedTweet id=1539255708675457024 type=retweeted]
1539514400524095489,2022-06-22 04:43:30-03:00,44121543,[<ReferencedTweet id=1539255708675457024 type=retweeted]
1539514842205327361,2022-06-22 04:45:15-03:00,1375432820554936321,[<ReferencedTweet id=1539235924881682433 type=retweeted]
1539520588066308113,2022-06-22 05:08:05-03:00,76900250,[<ReferencedTweet id=1539255708675457024 type=retweeted]
1539521257749762048,2022-06-22 05:10:45-03:00,1030132573941518338,[<ReferencedTweet id=1539222647556513792 type=retweeted]
1539525292993150976,2022-06-22 05:26:47-03:00,1030231010322079745,[<ReferencedTweet id=1539222647556513792 type=retweeted]
1539525552838791168,2022-06-22 05:27:49-03:00,1265083889938292738,[<ReferencedTweet id=1539235924881682433 type=retweeted]
1539527920661700608,2022-06-22 05:37:13-03:00,1130277444672544770,[<ReferencedTweet id=1539222647556513792 type=retweeted]
1539528178204557313,2022-06-22 05:38:15-03:00,14794243,[<ReferencedTweet id=1539222647556513792 type=retweeted]
1539528261650235392,2022-06-22 05:38:35-03:00,1264632181592375297,[<ReferencedTweet id=1539222647556513792 type=retweeted]
1539528982332317697,2022-06-22 05:41:27-03:00,29621324,[<ReferencedTweet id=1539222647556513792 type=retweeted]
1539530089859358731,2022-06-22 05:45:51-03:00,1497859963481378818,[<ReferencedTweet id=1539235924881682433 type=retweeted]
1539530913574526977,2022-06-22 05:49:07-03:00,3000611764,[<ReferencedTweet id=1539235924881682433 type=retweeted]
1539531291766444032,2022-06-22 05:50:37-03:00,1517524328648167424,[<ReferencedTweet id=1539235924881682433 type=retweeted]
1539531379310055424,2022-06-22 05:50:58-03:00,2839807197,[<ReferencedTweet id=1539235924881682433 type=retweeted]
1539532577622659072,2022-06-22 05:55:44-03:00,1343385618559197188,
1539532768945786880,2022-06-22 05:56:29-03:00,1086039875340652544,[<ReferencedTweet id=1539222647556513792 type=retweeted]
1539533042485714949,2022-06-22 05:57:35-03:00,1303076495003463680,[<ReferencedTweet id=1539532577622659072 type=retweeted]
1539533609098428419,2022-06-22 05:59:50-03:00,1195818176975720448,[<ReferencedTweet id=1539235924881682433 type=retweeted]
1539533706628583424,2022-06-22 06:00:13-03:00,2909776367,[<ReferencedTweet id=1539255708675457024 type=retweeted]
1539534216421158913,2022-06-22 06:02:15-03:00,1172091984909099009,[<ReferencedTweet id=1539222647556513792 type=retweeted]
1539536290437386241,2022-06-22 06:10:29-03:00,803540366020513792,[<ReferencedTweet id=1539222647556513792 type=retweeted]
1539536900087742464,2022-06-22 06:12:54-03:00,1512489316668391431,[<ReferencedTweet id=1539235924881682433 type=retweeted]
1539536910296678400,2022-06-22 06:12:57-03:00,1537779518009749504,[<ReferencedTweet id=1539235924881682433 type=retweeted]
1539537535227023361,2022-06-22 06:15:26-03:00,1082298052386455552,[<ReferencedTweet id=1539222647556513792 type=retweeted]
1539537560464244738,2022-06-22 06:15:32-03:00,1114245662336589826,[<ReferencedTweet id=1539222647556513792 type=retweeted]
1539539794207858690,2022-06-22 06:24:24-03:00,1516389494265724935,[<ReferencedTweet id=1539532577622659072 type=retweeted]
1539540256667705344,2022-06-22 06:26:15-03:00,1519058219989184513,[<ReferencedTweet id=1539222647556513792 type=retweeted]
1539540349764386822,2022-06-22 06:26:37-03:00,1413607488679784450,[<ReferencedTweet id=1539222647556513792 type=retweeted]
1539541099630444544,2022-06-22 06:29:36-03:00,1350974366419460097,[<ReferencedTweet id=1539255708675457024 type=retweeted]
1539541212264284160,2022-06-22 06:30:02-03:00,2712692609,[<ReferencedTweet id=1539255708675457024 type=retweeted]
1539543344094883840,2022-06-22 06:38:31-03:00,1275540278368231424,[<ReferencedTweet id=1539222647556513792 type=retweeted]
1539543609397194752,2022-06-22 06:39:34-03:00,1519506624079187970,[<ReferencedTweet id=1539235924881682433 type=retweeted]
1539543886141571072,2022-06-22 06:40:40-03:00,1505950705789677568,[<ReferencedTweet id=1539255708675457024 type=retweeted]
1539545286208634883,2022-06-22 06:46:14-03:00,1436699002439880709,[<ReferencedTweet id=1539222647556513792 type=retweeted]
1539545301706473472,2022-06-22 06:46:17-03:00,1056917385318424576,[<ReferencedTweet id=1539222647556513792 type=retweeted]
1539546859445923843,2022-06-22 06:52:29-03:00,2515493545,[<ReferencedTweet id=1539222647556513792 type=retweeted]
1539548461573578753,2022-06-22 06:58:51-03:00,1052702325821722624,[<ReferencedTweet id=1539222647556513792 type=retweeted]
1539548844534423552,2022-06-22 07:00:22-03:00,162734329,[<ReferencedTweet id=1539222647556513792 type=retweeted]
1539549267152494597,2022-06-22 07:02:03-03:00,1103317937677574144,[<ReferencedTweet id=1539532577622659072 type=retweeted]
1539550395990671362,2022-06-22 07:06:32-03:00,1520061106382950401,[<ReferencedTweet id=1539222647556513792 type=retweeted]
1539550921549553664,2022-06-22 07:08:37-03:00,1531586688627138561,[<ReferencedTweet id=1539222647556513792 type=retweeted]
1539552069455163393,2022-06-22 07:13:11-03:00,1507411636138741776,[<ReferencedTweet id=1539222647556513792 type=retweeted]
1539552524709003264,2022-06-22 07:15:00-03:00,1454433813233295361,[<ReferencedTweet id=1539245341463175170 type=retweeted]
1539553771910463488,2022-06-22 07:19:57-03:00,1081931608335310849,[<ReferencedTweet id=1539222647556513792 type=retweeted]
1539555495626911744,2022-06-22 07:26:48-03:00,1507837331553796104,[<ReferencedTweet id=1539222647556513792 type=retweeted]
1539557550605090818,2022-06-22 07:34:58-03:00,1452379449773658122,[<ReferencedTweet id=1539222647556513792 type=retweeted]
1539560608240132102,2022-06-22 07:47:07-03:00,68287215,[<ReferencedTweet id=1539222647556513792 type=retweeted]
1539561761615097859,2022-06-22 07:51:42-03:00,1522165444698083328,[<ReferencedTweet id=1539235924881682433 type=retweeted]
1539562184929419264,2022-06-22 07:53:23-03:00,1408804546034479105,[<ReferencedTweet id=1539235924881682433 type=retweeted]
1539562314730455042,2022-06-22 07:53:54-03:00,1008415624589135872,[<ReferencedTweet id=1539222647556513792 type=retweeted]
1539563827448238095,2022-06-22 07:59:54-03:00,1502640590722326534,[<ReferencedTweet id=1539222647556513792 type=retweeted]
1539564790405799936,2022-06-22 08:03:44-03:00,1502081333106987016,
1539565280183074817,2022-06-22 08:05:41-03:00,92729373,[<ReferencedTweet id=1539255708675457024 type=retweeted]
1539565931260776449,2022-06-22 08:08:16-03:00,115716741,[<ReferencedTweet id=1539235924881682433 type=retweeted]
1539566331858747393,2022-06-22 08:09:51-03:00,1531416225850527747,[<ReferencedTweet id=1539222647556513792 type=retweeted]
1539566576680292353,2022-06-22 08:10:50-03:00,867617432613027840,[<ReferencedTweet id=1539368510190764033 type=retweeted]
1539567966903205888,2022-06-22 08:16:21-03:00,76437923,[<ReferencedTweet id=1539222647556513792 type=retweeted]
1539569662551379968,2022-06-22 08:23:06-03:00,1265486338947768320,[<ReferencedTweet id=1539255708675457024 type=retweeted]
1539569719010893824,2022-06-22 08:23:19-03:00,1520557059267346432,[<ReferencedTweet id=1539222647556513792 type=retweeted]
1539572258812923905,2022-06-22 08:33:25-03:00,1528808320152309765,[<ReferencedTweet id=1539222647556513792 type=retweeted]
1539572529651744769,2022-06-22 08:34:29-03:00,1330283058050834433,[<ReferencedTweet id=1539222647556513792 type=retweeted]
1539573777658527744,2022-06-22 08:39:27-03:00,1275928221234737154,[<ReferencedTweet id=1539222647556513792 type=retweeted]
1539574198561083399,2022-06-22 08:41:07-03:00,3421609839,[<ReferencedTweet id=1539368510190764033 type=retweeted]
1539574600878678016,2022-06-22 08:42:43-03:00,56009252,[<ReferencedTweet id=1539368510190764033 type=retweeted]
1539575048536596480,2022-06-22 08:46:06-03:00,1421881199052607493,[<ReferencedTweet id=1539575048536596480 type=replied_to]
1539575296214667265,2022-06-22 08:45:29-03:00,1231204129873199104,[<ReferencedTweet id=1539255708675457024 type=retweeted]
1539576216306429956,2022-06-22 08:49:08-03:00,56757999,[<ReferencedTweet id=1539222647556513792 type=retweeted]
1539576552920342529,2022-06-22 08:50:28-03:00,1353459803075596288,
1539576711154528256,2022-06-22 08:51:06-03:00,1353459803075596288,
1539577055729401856,2022-06-22 08:52:28-03:00,1333455202796658690,[<ReferencedTweet id=1539255708675457024 type=retweeted]
1539577693565509634,2022-06-22 08:55:00-03:00,1163817644681641984,[<ReferencedTweet id=1539235924881682433 type=retweeted]
1539578487803375616,2022-06-22 08:58:10-03:00,1442469902816735244,[<ReferencedTweet id=1539222647556513792 type=retweeted]
1539578997809496065,2022-06-22 09:00:11-03:00,975542766301335552,[<ReferencedTweet id=1539235924881682433 type=retweeted]
1539579753094676483,2022-06-22 09:03:11-03:00,1529144865551941638,
1539579922808770560,2022-06-22 09:03:52-03:00,1463178648324907012,[<ReferencedTweet id=1539244242853298179 type=quoted]
1539580700097232898,2022-06-22 09:06:57-03:00,757952224790253568,[<ReferencedTweet id=1539255708675457024 type=retweeted]
1539581481118482432,2022-06-22 09:10:03-03:00,839176717545660417,
1539581525934628864,2022-06-22 09:10:14-03:00,1520461116928929792,[<ReferencedTweet id=1539222647556513792 type=retweeted]
1539582263679123462,2022-06-22 09:13:10-03:00,31325322,[<ReferencedTweet id=1538496294381133825 type=quoted]
1539582771554828289,2022-06-22 09:15:11-03:00,1486073029134372868,[<ReferencedTweet id=1539368510190764033 type=retweeted]
1539583168554143744,2022-06-22 09:16:46-03:00,1378469046535004164,[<ReferencedTweet id=1539581481118482432 type=retweeted]
1539583894609068032,2022-06-22 09:19:39-03:00,1252207519973486593,[<ReferencedTweet id=1539368510190764033 type=retweeted]
1539586573502758913,2022-06-22 09:30:17-03:00,464124617,[<ReferencedTweet id=1539222647556513792 type=retweeted]
1539586913002192897,2022-06-22 09:31:38-03:00,1270086101890404354,[<ReferencedTweet id=1539222647556513792 type=retweeted]
1539587714722529282,2022-06-22 09:34:50-03:00,1252632371494563840,[<ReferencedTweet id=1539222647556513792 type=retweeted]
1539587908503588865,2022-06-22 09:35:36-03:00,227501232,[<ReferencedTweet id=1539235924881682433 type=retweeted]
1539588470934568960,2022-06-22 09:37:50-03:00,1250198705849937921,[<ReferencedTweet id=1539368510190764033 type=retweeted]
1539588480673759232,2022-06-22 09:37:52-03:00,464664643,[<ReferencedTweet id=1539235924881682433 type=retweeted]
1539588603361247232,2022-06-22 09:38:21-03:00,1512503149323509765,[<ReferencedTweet id=1539222647556513792 type=retweeted]
1539589616063373313,2022-06-22 09:42:23-03:00,1518998083794878468,[<ReferencedTweet id=1539222647556513792 type=retweeted]
1539589654529413120,2022-06-22 09:42:32-03:00,956495126,[<ReferencedTweet id=1539368510190764033 type=retweeted]
1539590417989210112,2022-06-22 09:45:34-03:00,114871891,[<ReferencedTweet id=1539222647556513792 type=retweeted]
1539591579786149888,2022-06-22 09:50:11-03:00,1127631196530380803,[<ReferencedTweet id=1539222647556513792 type=retweeted]
1539592101792448512,2022-06-22 09:52:15-03:00,116873246,[<ReferencedTweet id=1539222647556513792 type=retweeted]
1539593976344371202,2022-06-22 09:59:42-03:00,351809368,[<ReferencedTweet id=1539235924881682433 type=retweeted]
1539595325035495425,2022-06-22 10:05:04-03:00,1394979319743750146,[<ReferencedTweet id=1539368510190764033 type=retweeted]
1539596148725383168,2022-06-22 10:08:20-03:00,1428801147733692427,[<ReferencedTweet id=1539222647556513792 type=retweeted]
1539596915830030336,2022-06-22 10:11:23-03:00,1045062827415932929,[<ReferencedTweet id=1539368510190764033 type=retweeted]
1539597055626199043,2022-06-22 10:11:57-03:00,1364885521978302464,[<ReferencedTweet id=1539222647556513792 type=retweeted]
1539597508732674051,2022-06-22 10:13:45-03:00,1484696933168001030,[<ReferencedTweet id=1539368510190764033 type=retweeted]
1539597608645263361,2022-06-22 10:14:08-03:00,3428472322,[<ReferencedTweet id=1539245341463175170 type=retweeted]
1539597609928728576,2022-06-22 10:14:09-03:00,770703381543329793,
1539598186884595712,2022-06-22 10:16:26-03:00,410045248,[<ReferencedTweet id=1539222647556513792 type=retweeted]
1539604517049798661,2022-06-22 10:41:35-03:00,1445103845160390660,[<ReferencedTweet id=1539235924881682433 type=retweeted]
1539605133994168320,2022-06-22 10:44:03-03:00,1378804745171779589,[<ReferencedTweet id=1539222647556513792 type=retweeted]
1539605627462459394,2022-06-22 10:46:00-03:00,752877676763963392,[<ReferencedTweet id=1539222647556513792 type=retweeted]
1539605887467257857,2022-06-22 10:47:02-03:00,344968659,[<ReferencedTweet id=1539222647556513792 type=retweeted]
1539605934384758785,2022-06-22 10:47:13-03:00,1460015982840369152,[<ReferencedTweet id=1539368510190764033 type=retweeted]
1539607705945608192,2022-06-23 01:45:21-03:00,1147495471675531264,[<ReferencedTweet id=1539607705945608192 type=replied_to]
1539608791796391936,2022-06-22 10:58:35-03:00,1393595607978217482,[<ReferencedTweet id=1539255708675457024 type=retweeted]
1539609048026316800,2022-06-22 10:59:36-03:00,965035641548533760,[<ReferencedTweet id=1539222647556513792 type=retweeted]
1539610360361230337,2022-06-22 11:04:49-03:00,159068064,[<ReferencedTweet id=1539222647556513792 type=retweeted]
1539611642224427008,2022-06-22 11:09:54-03:00,1528939995083456515,[<ReferencedTweet id=1539222647556513792 type=retweeted]
1539611802874568704,2022-06-22 11:10:33-03:00,1508857587307061263,
1539620948374159360,2022-06-22 11:46:53-03:00,60119658,
1539623786005372929,2022-06-22 11:58:10-03:00,1349159674864656389,[<ReferencedTweet id=1539287536870244357 type=retweeted]
1539626464865386496,2022-06-22 12:08:48-03:00,1456737500383350794,[<ReferencedTweet id=1539235924881682433 type=retweeted]
1539628828955480066,2022-06-22 12:18:12-03:00,990551077,[<ReferencedTweet id=1539368510190764033 type=retweeted]
1539629847663738880,2022-06-22 12:22:15-03:00,2807689768,[<ReferencedTweet id=1539222647556513792 type=retweeted]
1539631884669435905,2022-06-22 12:30:20-03:00,1456351118456410116,[<ReferencedTweet id=1539235924881682433 type=retweeted]
1539633757841506310,2022-06-22 12:37:47-03:00,1324699118485331968,[<ReferencedTweet id=1539368510190764033 type=retweeted]
1539637799661359104,2022-06-22 12:53:51-03:00,1518760517833273345,[<ReferencedTweet id=1539245341463175170 type=retweeted]
1539641003128373249,2022-06-22 13:06:34-03:00,1490661909489717253,[<ReferencedTweet id=1539368510190764033 type=retweeted]
1539642250367582209,2022-06-22 13:11:32-03:00,1243382473397960704,[<ReferencedTweet id=1539235924881682433 type=retweeted]
1539645557718802433,2022-06-22 13:24:40-03:00,1082016434727854080,[<ReferencedTweet id=1539368510190764033 type=retweeted]
1539646424194772992,2022-06-22 13:28:07-03:00,1517561283465433088,[<ReferencedTweet id=1539222647556513792 type=retweeted]
1539648820069683201,2022-06-22 13:37:38-03:00,1090785001573101568,[<ReferencedTweet id=1539222647556513792 type=retweeted]
1539649277521055744,2022-06-22 13:39:27-03:00,1147974867377172480,[<ReferencedTweet id=1539368510190764033 type=retweeted]
1539649361352982530,2022-06-22 13:39:47-03:00,1069272758,[<ReferencedTweet id=1539368510190764033 type=retweeted]
1539651112906915840,2022-06-22 13:46:45-03:00,1435043525494706181,[<ReferencedTweet id=1539222647556513792 type=retweeted]
1539651407372230656,2022-06-22 13:47:55-03:00,1073581458957238273,[<ReferencedTweet id=1539235924881682433 type=retweeted]
1539658431489245184,2022-06-22 14:15:50-03:00,1064714593849786369,[<ReferencedTweet id=1539245341463175170 type=retweeted]
1539660517475659778,2022-06-22 14:24:07-03:00,25890687,[<ReferencedTweet id=1538989827437301761 type=retweeted]
1539661150266068992,2022-06-22 14:26:38-03:00,1373316590943494145,[<ReferencedTweet id=1539368510190764033 type=retweeted]
1539662697360306177,2022-06-22 14:32:47-03:00,1082055334838128642,[<ReferencedTweet id=1539659791559233537 type=quoted]
1539665018660171776,2022-06-22 14:42:00-03:00,1270482061833486338,[<ReferencedTweet id=1539368510190764033 type=retweeted]
1539670403475509248,2022-06-22 15:03:24-03:00,832737826227658755,[<ReferencedTweet id=1539368510190764033 type=retweeted]
1539671017249013761,2022-06-22 15:05:50-03:00,750332268875481088,[<ReferencedTweet id=1539222647556513792 type=retweeted]
1539672779540267008,2022-06-22 15:12:51-03:00,1256008487299145728,
1539674537205407744,2022-06-22 15:19:50-03:00,1295353618879713280,[<ReferencedTweet id=1539672779540267008 type=retweeted]
1539674552481071105,2022-06-22 15:19:53-03:00,1276582349799555075,[<ReferencedTweet id=1539672779540267008 type=retweeted]
1539677143944282112,2022-06-22 15:30:11-03:00,555969056,[<ReferencedTweet id=1539368510190764033 type=retweeted]
1539685061779488768,2022-06-22 16:01:39-03:00,3097923400,
1539688719208353792,2022-06-22 16:16:11-03:00,1353955383312850944,[<ReferencedTweet id=1539368510190764033 type=retweeted]
1539693769242693634,2022-06-22 18:43:41-03:00,327581966,[<ReferencedTweet id=1539693769242693634 type=replied_to]
1539694860999053312,2022-06-22 16:42:22-03:00,36073275,[<ReferencedTweet id=1539694860999053312 type=replied_to]
1539694864538935296,2022-06-22 16:40:36-03:00,1263612204777168901,[<ReferencedTweet id=1539368510190764033 type=retweeted]
1539698002901831682,2022-06-23 09:40:42-03:00,1166978570,[<ReferencedTweet id=1539698002901831682 type=replied_to]
1539699882054795264,2022-06-22 17:24:20-03:00,1094332331853258752,[<ReferencedTweet id=1539699882054795264 type=replied_to]
1539701572871098370,2022-06-22 20:27:47-03:00,1245339815043792897,[<ReferencedTweet id=1539701572871098370 type=replied_to]
1539702032667250689,2022-06-22 17:09:05-03:00,1491453113412239363,[<ReferencedTweet id=1539235924881682433 type=retweeted]
1539702541683924994,2022-06-22 17:11:06-03:00,1402368962378317829,[<ReferencedTweet id=1539368510190764033 type=retweeted]
1539703148453007367,2022-06-22 19:18:51-03:00,1267924065882378241,[<ReferencedTweet id=1539703148453007367 type=replied_to]
1539704048282107904,2022-06-23 09:04:43-03:00,4107353482,[<ReferencedTweet id=1539704048282107904 type=replied_to]
1539704066548420610,2022-06-22 17:17:10-03:00,1447597711532904451,[<ReferencedTweet id=1539372183742468096 type=retweeted]
1539705038003658758,2022-06-22 17:21:02-03:00,1133172489457197056,[<ReferencedTweet id=1539372183742468096 type=retweeted]
1539705801304162307,2022-06-22 17:24:04-03:00,1435651433836294149,[<ReferencedTweet id=1539372183742468096 type=retweeted]
1539706428239319041,2022-06-22 17:26:33-03:00,1298380182554923008,[<ReferencedTweet id=1539372183742468096 type=retweeted]
1539709598604607490,2022-06-22 17:39:09-03:00,53477786,[<ReferencedTweet id=1539368510190764033 type=retweeted]
1539710807600205824,2022-06-22 17:43:57-03:00,1257320788274712578,
1539711730045124608,2022-06-22 17:47:37-03:00,279181588,
1539711777310654465,2022-06-22 17:47:48-03:00,1461852184568635394,[<ReferencedTweet id=1538937472905773059 type=quoted]
1539714243150348295,2022-06-22 17:57:36-03:00,1517154550674714629,
1539715134188306432,2022-06-22 18:01:09-03:00,809124436880322561,
1539716204113399812,2022-06-22 18:05:24-03:00,1471621431284932611,
1539717616943742977,2022-06-23 09:24:47-03:00,1434240468422955010,[<ReferencedTweet id=1539717616943742977 type=replied_to]
1539720133589049344,2022-06-22 18:21:01-03:00,1267212063040028673,[<ReferencedTweet id=1539368510190764033 type=retweeted]
1539727912299012099,2022-06-22 18:51:55-03:00,1130107099931959296,[<ReferencedTweet id=1539222647556513792 type=retweeted]
1539730702454980609,2022-06-23 11:57:51-03:00,1048563440279834624,[<ReferencedTweet id=1539730702454980609 type=replied_to]
1539730851830931462,2022-06-22 19:03:36-03:00,851532615672791040,[<ReferencedTweet id=1539222647556513792 type=retweeted]
1539731606402961408,2022-06-22 21:03:12-03:00,836648006858461184,[<ReferencedTweet id=1539733328424837123 type=replied_to]
1539736909714522113,2022-06-22 23:58:39-03:00,3656369295,[<ReferencedTweet id=1539739063506374658 type=replied_to]
1539739537211068417,2022-06-22 19:38:07-03:00,1399421686999625730,[<ReferencedTweet id=1539372183742468096 type=retweeted]
1539741053477158912,2022-06-22 19:44:08-03:00,2610751712,[<ReferencedTweet id=1539222647556513792 type=retweeted]
1539741164781404161,2022-06-22 19:44:35-03:00,89186764,[<ReferencedTweet id=1539222647556513792 type=retweeted]
1539746414980390913,2022-06-22 20:05:27-03:00,1442847400347983884,[<ReferencedTweet id=1539255708675457024 type=retweeted]
1539746963964452864,2022-06-22 20:07:37-03:00,1372385827528056835,[<ReferencedTweet id=1539255708675457024 type=retweeted]
1539747048714604544,2022-06-22 20:07:58-03:00,1526402034001395717,[<ReferencedTweet id=1539255708675457024 type=retweeted]
1539748710061686784,2022-06-22 20:14:34-03:00,361976213,[<ReferencedTweet id=1539255708675457024 type=retweeted]
1539748953964613634,2022-06-22 20:15:32-03:00,1150501516572286976,[<ReferencedTweet id=1539255708675457024 type=retweeted]
1539749191529947136,2022-06-22 20:16:29-03:00,1519371735212167169,[<ReferencedTweet id=1539368510190764033 type=retweeted]
1539751251583303680,2022-06-22 20:24:40-03:00,1139010140848492544,[<ReferencedTweet id=1539255708675457024 type=retweeted]
1539753588288884738,2022-06-22 20:33:57-03:00,1039847209972334594,[<ReferencedTweet id=1539255708675457024 type=retweeted]
1539762121013166081,2022-06-22 21:07:51-03:00,1273722647482900484,[<ReferencedTweet id=1539760951355916289 type=retweeted]
1539762137685540866,2022-06-22 21:07:55-03:00,190332288,[<ReferencedTweet id=1539222647556513792 type=retweeted]
1539762216911732736,2022-06-22 21:08:14-03:00,85947663,[<ReferencedTweet id=1539255708675457024 type=retweeted]
1539777192556732418,2022-06-22 22:07:45-03:00,1043477032498352128,
1539783054826373121,2022-06-22 22:31:02-03:00,1335797380059426816,[<ReferencedTweet id=1539368510190764033 type=retweeted]
1539786438132252672,2022-06-22 22:44:29-03:00,1312432833407922182,[<ReferencedTweet id=1539607705945608192 type=quoted]
1539792806671269888,2022-06-22 23:09:47-03:00,3938709389,[<ReferencedTweet id=1539438204885008385 type=retweeted]
1539793887715278848,2022-06-22 23:14:05-03:00,1244689419719802883,[<ReferencedTweet id=1539368510190764033 type=retweeted]
1539803315185373184,2022-06-22 23:51:33-03:00,1516941253769928704,[<ReferencedTweet id=1539222647556513792 type=retweeted]
1539803782359486464,2022-06-22 23:53:24-03:00,1186239530518626304,[<ReferencedTweet id=1539222647556513792 type=retweeted]
1539805476673691648,2022-06-23 00:00:08-03:00,121832010,[<ReferencedTweet id=1539235924881682433 type=retweeted]
1539823570662170624,2022-06-23 01:12:02-03:00,1464029487931301889,[<ReferencedTweet id=1539235924881682433 type=retweeted]
1539837124475756544,2022-06-23 02:05:53-03:00,1518720730162241536,[<ReferencedTweet id=1539255708675457024 type=retweeted]
1539850312940507137,2022-06-23 02:58:18-03:00,1429554725507190786,[<ReferencedTweet id=1539368510190764033 type=retweeted]
1539890706386456576,2022-06-23 05:38:48-03:00,1437519164487372800,[<ReferencedTweet id=1530931426568417281 type=retweeted]
1539891018031677440,2022-06-23 05:40:03-03:00,1381122776686284802,
1539912036561440768,2022-06-23 11:04:43-03:00,1450122568594333703,[<ReferencedTweet id=1539912036561440768 type=replied_to]
1539941854409629698,2022-06-23 10:35:20-03:00,1518847149173268482,[<ReferencedTweet id=1539941854409629698 type=replied_to]
1539955267307175937,2022-06-23 11:45:49-03:00,102469198,[<ReferencedTweet id=1539955267307175937 type=replied_to]
1539960587446263810,2022-06-23 10:16:29-03:00,909966685439918082,[<ReferencedTweet id=1539222647556513792 type=retweeted]
1539961222203842560,2022-06-23 10:19:01-03:00,4019430615,
1539977709412986882,2022-06-23 11:24:31-03:00,1379434908305608810,
1539979560011403265,2022-06-23 11:31:53-03:00,2438939200,[<ReferencedTweet id=1539267038601953283 type=retweeted]
1539987098790510592,2022-06-23 12:01:50-03:00,22440218,
1539998797207568384,2022-06-23 13:49:38-03:00,1274346645673689090,[<ReferencedTweet id=1540001207967686656 type=replied_to]
1540001960304189442,2022-06-23 13:19:20-03:00,1436476544189403156,[<ReferencedTweet id=1540001960304189442 type=replied_to]
1540005904443129858,2022-06-23 13:16:34-03:00,1131305781670961154,
1540011894764961793,2022-06-23 13:40:23-03:00,2714815080,[<ReferencedTweet id=1540011894764961793 type=replied_to]
1540012464053567489,2022-06-23 13:42:38-03:00,855841353422557185,[<ReferencedTweet id=1539978415964672000 type=quoted]
