conversation_id,created_at,author_id,referenced_tweets
1536824754010734594,2022-07-12 13:55:26+00:00,41419308,[<ReferencedTweet id=1536824754010734594 type=replied_to]
1546569612376117248,2022-07-12 18:04:27+00:00,105299209,[<ReferencedTweet id=1546569612376117248 type=replied_to]
1546596232402968578,2022-07-12 10:11:07+00:00,1529231040346202119,[<ReferencedTweet id=1546596232402968578 type=replied_to]
1546596871086526464,2022-07-12 14:32:41+00:00,1537838309224992770,[<ReferencedTweet id=1546596871086526464 type=replied_to]
1546596984722702336,2022-07-12 10:51:00+00:00,159499415,[<ReferencedTweet id=1546596984722702336 type=replied_to]
1546605353881767936,2022-07-12 11:41:13+00:00,184959102,[<ReferencedTweet id=1546605353881767936 type=replied_to]
1546610146415083533,2022-07-12 00:00:59+00:00,1308542804524707849,[<ReferencedTweet id=1546610146415083533 type=replied_to]
1546611687679197185,2022-07-12 11:33:27+00:00,1132674995078029313,[<ReferencedTweet id=1546611687679197185 type=replied_to]
1546617877368799242,2022-07-12 04:13:26+00:00,175027097,[<ReferencedTweet id=1546617877368799242 type=replied_to]
1546646463115034631,2022-07-12 00:03:46+00:00,1267889180820025348,[<ReferencedTweet id=1546184460911214592 type=retweeted]
1546651338431467520,2022-07-12 00:23:09+00:00,1106430035655831554,[<ReferencedTweet id=1546646532417536000 type=quoted]
1546658794977067008,2022-07-12 00:52:46+00:00,888915252993249281,[<ReferencedTweet id=1546601058994192385 type=retweeted]
1546659733955682304,2022-07-12 00:56:30+00:00,84911482,[<ReferencedTweet id=1546572633113862147 type=quoted]
1546661216466227200,2022-07-12 14:11:57+00:00,1545390720042913796,[<ReferencedTweet id=1546661216466227200 type=replied_to]
1546661432292524032,2022-07-12 01:14:02+00:00,926150709900402688,[<ReferencedTweet id=1546661432292524032 type=replied_to]
1546663590316457986,2022-07-12 13:49:48+00:00,941790277,[<ReferencedTweet id=1546663590316457986 type=replied_to]
1546663928956129292,2022-07-12 01:13:10+00:00,896740510911651841,[<ReferencedTweet id=1546660252065509376 type=quoted]
1546668403137593344,2022-07-12 20:22:04+00:00,1475813816860659712,[<ReferencedTweet id=1546668403137593344 type=replied_to]
1546673785331486721,2022-07-12 14:29:50+00:00,905042789133684736,[<ReferencedTweet id=1546673785331486721 type=replied_to]
1546700088369635328,2022-07-12 03:36:52+00:00,1452038739463708679,[<ReferencedTweet id=1546595330581569536 type=retweeted]
1546700620349972481,2022-07-12 03:38:58+00:00,264226329,[<ReferencedTweet id=1546595330581569536 type=retweeted]
1546700728567271424,2022-07-12 03:39:24+00:00,36285222,[<ReferencedTweet id=1546661216466227200 type=quoted]
1546701909766987777,2022-07-12 03:44:06+00:00,1075777177784741894,[<ReferencedTweet id=1546700728567271424 type=retweeted]
1546703623157055488,2022-07-12 03:50:54+00:00,1224725501203353600,[<ReferencedTweet id=1545735970363940864 type=retweeted]
1546715187708846082,2022-07-13 17:54:35+00:00,1408621787072675840,[<ReferencedTweet id=1546715187708846082 type=replied_to]
1546752700859252738,2022-07-12 07:05:55+00:00,716398433620398080,[<ReferencedTweet id=1545583079565234177 type=retweeted]
1546774478105022464,2022-07-12 08:32:27+00:00,1152785688061972481,[<ReferencedTweet id=1546490055824445440 type=retweeted]
1546775206416588807,2022-07-12 08:35:21+00:00,406766589,[<ReferencedTweet id=1546490055824445440 type=retweeted]
1546793272877760515,2022-07-12 09:47:08+00:00,123710016,[<ReferencedTweet id=1546222102797246466 type=retweeted]
1546796464696950787,2022-07-12 09:59:49+00:00,1506052446799466496,[<ReferencedTweet id=1545729520489086976 type=retweeted]
1546800467149312000,2022-07-12 20:55:30+00:00,50151026,[<ReferencedTweet id=1546800467149312000 type=replied_to]
1546801564903522307,2022-07-12 10:20:05+00:00,1173536563491483648,[<ReferencedTweet id=1546596871086526464 type=quoted]
1546803011124600833,2022-07-12 15:21:25+00:00,3656369295,[<ReferencedTweet id=1546803998929436672 type=replied_to]
1546806845515366401,2022-07-12 10:41:04+00:00,478738694,[<ReferencedTweet id=1546646214451544064 type=quoted]
1546816954962526208,2022-07-12 11:21:19+00:00,1266165207128301568,[<ReferencedTweet id=1546816963552346113 type=replied_to]
1546819087644377091,2022-07-12 11:29:43+00:00,16461476,[<ReferencedTweet id=1546595330581569536 type=retweeted]
1546819376128688128,2022-07-12 11:30:52+00:00,1141899914085109760,[<ReferencedTweet id=1546595330581569536 type=retweeted]
1546825321688735745,2022-07-12 11:54:29+00:00,889458088507584513,[<ReferencedTweet id=1546595330581569536 type=retweeted]
1546825339355205632,2022-07-12 12:47:16+00:00,1525709217528791040,[<ReferencedTweet id=1546825339355205632 type=replied_to]
1546827050065043457,2022-07-12 12:01:22+00:00,500131184,[<ReferencedTweet id=1546595330581569536 type=retweeted]
1546829074835857411,2022-07-12 12:09:24+00:00,1062746890750619648,[<ReferencedTweet id=1546825339355205632 type=quoted]
1546829476826386433,2022-07-13 11:16:57+00:00,899799119161643008,[<ReferencedTweet id=1546829476826386433 type=replied_to]
1546833343832100867,2022-07-12 12:26:22+00:00,1221153179452297218,[<ReferencedTweet id=1546595330581569536 type=retweeted]
1546833754513182723,2022-07-12 12:28:00+00:00,28198550,
1546834076992167937,2022-07-12 12:29:17+00:00,1532364375599742977,[<ReferencedTweet id=1546595330581569536 type=retweeted]
1546836001179459585,2022-07-12 14:32:29+00:00,121128119,[<ReferencedTweet id=1546843738982465537 type=replied_to]
1546838274114785280,2022-07-12 12:45:58+00:00,1525709217528791040,[<ReferencedTweet id=1546826232196726788 type=quoted]
1546838290678140928,2022-07-12 12:48:24+00:00,917362182601535489,[<ReferencedTweet id=1546838290678140928 type=replied_to]
1546839819094990848,2022-07-12 12:52:06+00:00,139498420,[<ReferencedTweet id=1546839819094990848 type=replied_to]
1546841939194310656,2022-07-12 13:00:31+00:00,1519788185626324997,[<ReferencedTweet id=1546838889444397057 type=retweeted]
1546853117282615297,2022-07-12 13:44:56+00:00,1531697495700606978,[<ReferencedTweet id=1545735970363940864 type=retweeted]
1546857584975560704,2022-07-13 00:10:44+00:00,1539750316358438912,[<ReferencedTweet id=1546857584975560704 type=replied_to]
1546860662571286528,2022-07-12 14:14:55+00:00,1297221395655602176,[<ReferencedTweet id=1546595330581569536 type=retweeted]
1546863383030398976,2022-07-12 14:25:44+00:00,4462856243,
1546863485275045889,2022-07-12 14:26:08+00:00,4462856243,[<ReferencedTweet id=1546863383030398976 type=retweeted]
1546870527620415489,2022-07-12 14:54:07+00:00,1163607048946356225,[<ReferencedTweet id=1546597790222008322 type=retweeted]
1546872331083071491,2022-07-12 15:01:17+00:00,1536809722824822789,
1546872393804779520,2022-07-12 15:01:32+00:00,1042813599339700224,[<ReferencedTweet id=1546815475992100864 type=quoted]
1546873110623830017,2022-07-12 15:04:23+00:00,1545812327903248387,[<ReferencedTweet id=1546661216466227200 type=quoted]
1546874340200914944,2022-07-12 15:09:16+00:00,1527795263242481664,[<ReferencedTweet id=1546595330581569536 type=retweeted]
1546874888148877316,2022-07-12 15:11:27+00:00,1545812327903248387,[<ReferencedTweet id=1545735970363940864 type=retweeted]
1546875078289367041,2022-07-12 15:12:12+00:00,1533865859286016000,[<ReferencedTweet id=1546616252709339138 type=quoted]
1546878328883347457,2022-07-12 20:04:50+00:00,1480363131130060807,[<ReferencedTweet id=1546878328883347457 type=replied_to]
1546878614175682561,2022-07-12 15:26:15+00:00,177000971,[<ReferencedTweet id=1546878328883347457 type=retweeted]
1546878984612417536,2022-07-12 15:27:44+00:00,37430125,[<ReferencedTweet id=1546878328883347457 type=retweeted]
1546878994104156161,2022-07-12 15:27:46+00:00,513706724,[<ReferencedTweet id=1546878328883347457 type=retweeted]
1546879007873974279,2022-07-12 15:27:49+00:00,1288958156345872384,[<ReferencedTweet id=1546878328883347457 type=retweeted]
1546879037242589184,2022-07-12 15:27:56+00:00,421418573,[<ReferencedTweet id=1546878328883347457 type=retweeted]
1546879252339081216,2022-07-12 15:28:48+00:00,501992662,[<ReferencedTweet id=1546878328883347457 type=retweeted]
1546879866087284736,2022-07-12 15:31:14+00:00,68287215,[<ReferencedTweet id=1546878328883347457 type=retweeted]
1546879895212531714,2022-07-12 15:31:21+00:00,1433615781577830402,[<ReferencedTweet id=1546878328883347457 type=retweeted]
1546879965249114117,2022-07-12 15:31:38+00:00,577277144,[<ReferencedTweet id=1546878328883347457 type=retweeted]
1546880121285509126,2022-07-12 15:32:15+00:00,1192933854992117767,[<ReferencedTweet id=1545894353503240193 type=retweeted]
1546880243889324032,2022-07-12 15:32:44+00:00,1197291515468566529,[<ReferencedTweet id=1546878328883347457 type=retweeted]
1546880333408346112,2022-07-12 15:33:05+00:00,1379775036576432128,[<ReferencedTweet id=1546878328883347457 type=retweeted]
1546880374223020033,2022-07-12 15:33:15+00:00,1402399703430537224,[<ReferencedTweet id=1546878328883347457 type=retweeted]
1546880478204100608,2022-07-12 15:33:40+00:00,1544759106,[<ReferencedTweet id=1546878328883347457 type=retweeted]
1546880751324565506,2022-07-12 15:34:45+00:00,1246272159225466880,[<ReferencedTweet id=1546878328883347457 type=retweeted]
1546880896715919361,2022-07-12 15:35:20+00:00,1259821642613755904,[<ReferencedTweet id=1546878328883347457 type=retweeted]
1546880908887728128,2022-07-12 15:35:22+00:00,844642143411036161,[<ReferencedTweet id=1546878328883347457 type=retweeted]
1546880923077169152,2022-07-12 15:35:26+00:00,2519146450,[<ReferencedTweet id=1546878328883347457 type=retweeted]
1546880976692957184,2022-07-12 15:35:39+00:00,714116354421493760,[<ReferencedTweet id=1546878328883347457 type=retweeted]
1546881166938181632,2022-07-12 15:36:24+00:00,1470557240428048386,[<ReferencedTweet id=1546878328883347457 type=retweeted]
1546881381145387009,2022-07-12 15:37:15+00:00,1520781284041240580,[<ReferencedTweet id=1546878328883347457 type=retweeted]
1546881446475857921,2022-07-12 15:37:31+00:00,867764773823426562,[<ReferencedTweet id=1546878328883347457 type=retweeted]
1546881687988174849,2022-07-12 15:38:28+00:00,1435004782251479042,[<ReferencedTweet id=1546878328883347457 type=retweeted]
1546881947972124672,2022-07-12 15:39:30+00:00,1489977976041218054,[<ReferencedTweet id=1546878328883347457 type=retweeted]
1546882099260661760,2022-07-12 15:40:06+00:00,2614982482,
1546882368618876928,2022-07-12 15:41:11+00:00,1520851231631097857,[<ReferencedTweet id=1546878328883347457 type=retweeted]
1546882456602742790,2022-07-12 15:41:31+00:00,2178623695,[<ReferencedTweet id=1546878328883347457 type=retweeted]
1546882806105751556,2022-07-12 15:42:55+00:00,1540172883292573697,[<ReferencedTweet id=1546878328883347457 type=retweeted]
1546883166429913088,2022-07-12 15:44:21+00:00,1519362144453771264,[<ReferencedTweet id=1546878328883347457 type=retweeted]
1546883384496033793,2022-07-12 15:45:13+00:00,1114140743487115266,[<ReferencedTweet id=1546878328883347457 type=retweeted]
1546883431774265344,2022-07-13 18:32:22+00:00,2478788779,[<ReferencedTweet id=1546883431774265344 type=replied_to]
1546883589568176128,2022-07-12 15:46:02+00:00,1088861747015024641,[<ReferencedTweet id=1546878328883347457 type=retweeted]
1546884227534307328,2022-07-12 15:48:34+00:00,321523173,[<ReferencedTweet id=1546878328883347457 type=retweeted]
1546885116282159104,2022-07-12 15:52:06+00:00,1503081436794048519,[<ReferencedTweet id=1546878328883347457 type=retweeted]
1546885338987102209,2022-07-12 15:52:59+00:00,3072139967,[<ReferencedTweet id=1546878328883347457 type=retweeted]
1546885424693628929,2022-07-12 15:53:19+00:00,252512408,[<ReferencedTweet id=1546878328883347457 type=retweeted]
1546885594189819904,2022-07-12 15:54:00+00:00,2794757946,[<ReferencedTweet id=1546878328883347457 type=retweeted]
1546885705506459649,2022-07-12 15:54:26+00:00,1257160319350321152,
1546885823836086273,2022-07-12 15:54:54+00:00,1481699614592057349,
1546886301617737730,2022-07-12 15:56:48+00:00,1513951396562886656,[<ReferencedTweet id=1546878328883347457 type=retweeted]
1546886486615887872,2022-07-12 15:57:32+00:00,1185226932604080130,[<ReferencedTweet id=1546878328883347457 type=retweeted]
1546886531427737600,2022-07-12 15:57:43+00:00,3560550735,[<ReferencedTweet id=1545735970363940864 type=retweeted]
1546887193532178433,2022-07-12 16:00:21+00:00,3429006785,[<ReferencedTweet id=1546849549041426433 type=retweeted]
1546887233256525830,2022-07-12 16:00:30+00:00,1516522894951690251,[<ReferencedTweet id=1546878328883347457 type=retweeted]
1546887310020644864,2022-07-12 16:00:49+00:00,921912461313347585,[<ReferencedTweet id=1546878328883347457 type=retweeted]
1546887554833809410,2022-07-12 16:01:47+00:00,61502217,[<ReferencedTweet id=1546878328883347457 type=retweeted]
1546887726770917380,2022-07-12 16:02:28+00:00,1208825771961307136,[<ReferencedTweet id=1546878328883347457 type=retweeted]
1546887819880288257,2022-07-12 16:02:50+00:00,1518714187853279232,[<ReferencedTweet id=1546878328883347457 type=retweeted]
1546888058548748288,2022-07-12 16:03:47+00:00,1219650454071758849,[<ReferencedTweet id=1546878328883347457 type=retweeted]
1546888782456279041,2022-07-12 16:06:40+00:00,1029538273461522432,
1546888851150487553,2022-07-12 16:06:56+00:00,1445004661157679108,[<ReferencedTweet id=1546878328883347457 type=retweeted]
1546889066955919361,2022-07-12 16:07:48+00:00,1269035576252084224,[<ReferencedTweet id=1546878328883347457 type=retweeted]
1546889378794012672,2022-07-12 16:09:02+00:00,745687425209536512,[<ReferencedTweet id=1546878328883347457 type=retweeted]
1546889427141656576,2022-07-12 16:09:13+00:00,1519853644392415232,[<ReferencedTweet id=1546595330581569536 type=retweeted]
1546890119449399298,2022-07-12 16:11:58+00:00,1476931357506998278,[<ReferencedTweet id=1546878328883347457 type=retweeted]
1546891064723873794,2022-07-12 16:15:44+00:00,1134963208622678016,[<ReferencedTweet id=1546878328883347457 type=retweeted]
1546891109623889923,2022-07-12 16:15:55+00:00,1115264729226842114,[<ReferencedTweet id=1546878328883347457 type=retweeted]
1546891140800122881,2022-07-12 16:16:02+00:00,996190226388307969,[<ReferencedTweet id=1546878328883347457 type=retweeted]
1546891566664630272,2022-07-12 16:17:44+00:00,1055709648043552768,[<ReferencedTweet id=1546878328883347457 type=retweeted]
1546891703168245764,2022-07-12 16:18:16+00:00,210598548,[<ReferencedTweet id=1546878328883347457 type=retweeted]
1546892564988674058,2022-07-12 16:21:42+00:00,1261241724741058560,[<ReferencedTweet id=1546878328883347457 type=retweeted]
1546892650074324993,2022-07-12 16:22:02+00:00,1194729889297043458,[<ReferencedTweet id=1546878328883347457 type=retweeted]
1546893233397137408,2022-07-12 16:24:21+00:00,1336578596,[<ReferencedTweet id=1546878328883347457 type=retweeted]
1546893528470790144,2022-07-12 16:25:31+00:00,4529067210,[<ReferencedTweet id=1546878328883347457 type=retweeted]
1546894221021511681,2022-07-12 16:28:16+00:00,1096361531976151040,[<ReferencedTweet id=1546878328883347457 type=retweeted]
1546894461111861248,2022-07-12 16:29:14+00:00,935328674,[<ReferencedTweet id=1546878328883347457 type=retweeted]
1546895220968771584,2022-07-12 16:32:15+00:00,1545477229358071810,[<ReferencedTweet id=1546878328883347457 type=retweeted]
1546895430788812806,2022-07-12 16:33:05+00:00,113108166,[<ReferencedTweet id=1546878328883347457 type=retweeted]
1546895456499900418,2022-07-12 16:33:11+00:00,1531697495700606978,[<ReferencedTweet id=1546595330581569536 type=retweeted]
1546896903211819009,2022-07-12 16:38:56+00:00,1090211902804897792,[<ReferencedTweet id=1546878328883347457 type=retweeted]
1546897256414052352,2022-07-12 16:40:20+00:00,126064349,[<ReferencedTweet id=1546878328883347457 type=retweeted]
1546897270561439744,2022-07-12 16:40:23+00:00,1240295020827213824,[<ReferencedTweet id=1546878328883347457 type=retweeted]
1546897821621796864,2022-07-12 16:42:35+00:00,1256719948417847301,[<ReferencedTweet id=1546878328883347457 type=retweeted]
1546898209099890688,2022-07-12 16:44:07+00:00,1227569094,[<ReferencedTweet id=1546878328883347457 type=retweeted]
1546899938730278914,2022-07-12 16:51:00+00:00,1520415225438248961,[<ReferencedTweet id=1546878328883347457 type=retweeted]
1546900260341039105,2022-07-12 16:52:16+00:00,1032637037202034688,[<ReferencedTweet id=1546878328883347457 type=retweeted]
1546900707919499264,2022-07-12 16:54:03+00:00,1500257095681249284,[<ReferencedTweet id=1546878328883347457 type=retweeted]
1546901072828055554,2022-07-12 16:55:30+00:00,1515376066457649162,[<ReferencedTweet id=1546878328883347457 type=retweeted]
1546901105774366720,2022-07-12 16:55:38+00:00,2375869844,[<ReferencedTweet id=1546878328883347457 type=retweeted]
1546901328072409093,2022-07-12 16:56:31+00:00,1372125534914813952,[<ReferencedTweet id=1546878328883347457 type=retweeted]
1546902348500537344,2022-07-12 17:00:34+00:00,1164963758369857536,[<ReferencedTweet id=1546878328883347457 type=retweeted]
1546902404439982089,2022-07-12 17:00:47+00:00,1252184034857410561,[<ReferencedTweet id=1546878328883347457 type=retweeted]
1546903150245838850,2022-07-12 17:03:45+00:00,1404206125239746560,[<ReferencedTweet id=1546659733955682304 type=retweeted]
1546903796030357505,2022-07-12 17:06:19+00:00,1518771014812983299,[<ReferencedTweet id=1546878328883347457 type=retweeted]
1546905492743766016,2022-07-12 17:13:04+00:00,1219619655385522178,[<ReferencedTweet id=1546878328883347457 type=retweeted]
1546906396909862913,2022-07-12 17:16:39+00:00,1363612087658942465,[<ReferencedTweet id=1546878328883347457 type=retweeted]
1546906976692617217,2022-07-12 17:18:58+00:00,1145257335109115905,[<ReferencedTweet id=1546878328883347457 type=retweeted]
1546907307673817089,2022-07-12 17:20:16+00:00,77479577,[<ReferencedTweet id=1546878328883347457 type=retweeted]
1546907445548695552,2022-07-12 17:20:49+00:00,93271308,[<ReferencedTweet id=1546878328883347457 type=retweeted]
1546908197084078081,2022-07-12 17:23:49+00:00,1518944323609534468,[<ReferencedTweet id=1546825339355205632 type=quoted]
1546908654363971585,2022-07-12 17:25:38+00:00,762711129206423552,[<ReferencedTweet id=1546878328883347457 type=retweeted]
1546908667164893193,2022-07-12 17:25:41+00:00,1531032056788144129,[<ReferencedTweet id=1546878328883347457 type=retweeted]
1546909046250389507,2022-07-12 17:27:11+00:00,1519283746649825280,[<ReferencedTweet id=1546878328883347457 type=retweeted]
1546909471959547910,2022-07-12 17:28:52+00:00,963269790,[<ReferencedTweet id=1546878328883347457 type=retweeted]
1546910891848998924,2022-07-12 17:34:31+00:00,1524750997536460800,[<ReferencedTweet id=1546878328883347457 type=retweeted]
1546911053933592576,2022-07-12 17:35:10+00:00,611904406,[<ReferencedTweet id=1546878328883347457 type=retweeted]
1546911402081886208,2022-07-12 17:36:33+00:00,800810018182287360,[<ReferencedTweet id=1546878328883347457 type=retweeted]
1546911940877983745,2022-07-12 17:38:41+00:00,348416849,[<ReferencedTweet id=1546878328883347457 type=retweeted]
1546912960211288065,2022-07-12 17:42:44+00:00,22013738,[<ReferencedTweet id=1546878328883347457 type=retweeted]
1546913035326988289,2022-07-12 17:43:02+00:00,242474531,[<ReferencedTweet id=1546878328883347457 type=quoted]
1546913501502996480,2022-07-13 18:14:49+00:00,1261998071581413379,[<ReferencedTweet id=1546913501502996480 type=replied_to]
1546914623538053122,2022-07-12 17:49:21+00:00,69366022,[<ReferencedTweet id=1546878328883347457 type=retweeted]
1546915094289956865,2022-07-12 17:51:13+00:00,721107604517298176,[<ReferencedTweet id=1546878328883347457 type=retweeted]
1546915170924068864,2022-07-12 17:51:31+00:00,1514748307792408581,[<ReferencedTweet id=1546878328883347457 type=retweeted]
1546917450628882432,2022-07-12 18:00:35+00:00,2904396600,[<ReferencedTweet id=1546878328883347457 type=retweeted]
1546920025604456449,2022-07-12 18:10:49+00:00,69614865,[<ReferencedTweet id=1546849549041426433 type=retweeted]
1546921191209926659,2022-07-12 18:15:27+00:00,332259741,[<ReferencedTweet id=1546878328883347457 type=retweeted]
1546921195668443137,2022-07-12 18:15:28+00:00,80325972,[<ReferencedTweet id=1546878328883347457 type=retweeted]
1546921843692560385,2022-07-12 18:18:02+00:00,293297429,[<ReferencedTweet id=1546825339355205632 type=quoted]
1546922155673370624,2022-07-12 18:19:16+00:00,1011454347325173762,[<ReferencedTweet id=1546878328883347457 type=retweeted]
1546922179207602176,2022-07-12 18:19:22+00:00,49088725,[<ReferencedTweet id=1546878328883347457 type=retweeted]
1546925482834333701,2022-07-12 18:32:30+00:00,917370131940077569,[<ReferencedTweet id=1546878328883347457 type=retweeted]
1546925989921423362,2022-07-12 18:34:31+00:00,61845358,
1546926512053653506,2022-07-12 18:36:35+00:00,1239600315114180609,[<ReferencedTweet id=1546878328883347457 type=retweeted]
1546928985254363136,2022-07-12 19:13:41+00:00,1529589171286851584,[<ReferencedTweet id=1546928985254363136 type=replied_to]
1546930149819662339,2022-07-12 18:51:02+00:00,61519330,[<ReferencedTweet id=1546916068551262208 type=quoted]
1546930748707553280,2022-07-12 18:53:25+00:00,349732377,[<ReferencedTweet id=1546878328883347457 type=retweeted]
1546931240976121857,2022-07-12 19:29:10+00:00,1481627300135321608,[<ReferencedTweet id=1546931240976121857 type=replied_to]
1546932218060226560,2022-07-12 19:55:05+00:00,4229051310,[<ReferencedTweet id=1546932218060226560 type=replied_to]
1546933417912287233,2022-07-12 19:04:02+00:00,1274104655350566914,[<ReferencedTweet id=1546878328883347457 type=retweeted]
1546933763015426048,2022-07-12 19:05:24+00:00,1200795079193104384,[<ReferencedTweet id=1546878328883347457 type=retweeted]
1546934156680118272,2022-07-12 19:06:58+00:00,1065028161010876417,[<ReferencedTweet id=1546878328883347457 type=retweeted]
1546934414126600193,2022-07-12 19:07:59+00:00,1091390685197094913,[<ReferencedTweet id=1546878328883347457 type=retweeted]
1546935110624329736,2022-07-12 19:10:45+00:00,1220437641826635783,[<ReferencedTweet id=1546878328883347457 type=retweeted]
1546935467777613828,2022-07-12 19:12:10+00:00,783540618,[<ReferencedTweet id=1545894353503240193 type=retweeted]
1546935883458289665,2022-07-12 19:13:49+00:00,855841353422557185,
1546936840032223232,2022-07-12 19:17:38+00:00,1192933854992117767,[<ReferencedTweet id=1546935883458289665 type=retweeted]
1546937284263649281,2022-07-12 19:19:23+00:00,157460225,[<ReferencedTweet id=1546878328883347457 type=retweeted]
1546938026567389184,2022-07-12 19:22:20+00:00,1122494023502041088,[<ReferencedTweet id=1546878328883347457 type=retweeted]
1546938041448660996,2022-07-12 19:22:24+00:00,855841353422557185,
1546938589912522752,2022-07-12 19:24:35+00:00,1544824482136596480,[<ReferencedTweet id=1546878328883347457 type=retweeted]
1546938962140401666,2022-07-12 19:26:03+00:00,1221057406442135552,
1546940443291697153,2022-07-12 19:31:57+00:00,1297221395655602176,[<ReferencedTweet id=1546878328883347457 type=retweeted]
1546940797903331329,2022-07-12 19:33:21+00:00,787407072962998274,[<ReferencedTweet id=1546878328883347457 type=retweeted]
1546942315108900870,2022-07-12 19:39:23+00:00,1330883480767619072,[<ReferencedTweet id=1546878328883347457 type=retweeted]
1546945138378919936,2022-07-12 19:50:36+00:00,1519750742856380417,[<ReferencedTweet id=1546878328883347457 type=retweeted]
1546945965227130882,2022-07-12 19:53:53+00:00,1012450248382451712,[<ReferencedTweet id=1545894353503240193 type=retweeted]
1546946312171560966,2022-07-12 19:55:16+00:00,1311058881133580293,[<ReferencedTweet id=1546878328883347457 type=retweeted]
1546946953040240640,2022-07-12 20:13:32+00:00,1349343006516768768,[<ReferencedTweet id=1546946953040240640 type=replied_to]
1546949363045482500,2022-07-12 23:56:45+00:00,79172518,[<ReferencedTweet id=1546949363045482500 type=replied_to]
1546950830414348289,2022-07-12 20:13:13+00:00,1044253034769985536,[<ReferencedTweet id=1546878328883347457 type=retweeted]
1546951037227077632,2022-07-12 20:14:02+00:00,1129845843987767298,[<ReferencedTweet id=1546878328883347457 type=retweeted]
1546951492036427777,2022-07-12 20:15:51+00:00,1200444593906601985,[<ReferencedTweet id=1546849549041426433 type=retweeted]
1546951966240260096,2022-07-12 20:17:44+00:00,1314228701643649024,
1546952016643211267,2022-07-13 10:52:22+00:00,1105831536673374208,[<ReferencedTweet id=1546952016643211267 type=replied_to]
1546952043369271296,2022-07-12 20:18:02+00:00,1269071826178772992,[<ReferencedTweet id=1546878328883347457 type=retweeted]
1546952916812107778,2022-07-12 20:21:31+00:00,1477801974410194947,
1546953360091353089,2022-07-12 20:23:16+00:00,203872774,[<ReferencedTweet id=1546878328883347457 type=retweeted]
1546953762375344130,2022-07-12 20:24:52+00:00,1082345290307457025,[<ReferencedTweet id=1546878328883347457 type=retweeted]
1546953902834307078,2022-07-12 20:25:26+00:00,271032634,[<ReferencedTweet id=1546878328883347457 type=retweeted]
1546954045742583808,2022-07-12 20:26:00+00:00,158780445,[<ReferencedTweet id=1546878328883347457 type=retweeted]
1546954090453819392,2022-07-13 16:47:53+00:00,20361466,[<ReferencedTweet id=1546954090453819392 type=replied_to]
1546954461540663297,2022-07-12 20:27:39+00:00,548585108,[<ReferencedTweet id=1546954090453819392 type=retweeted]
1546954547091865600,2022-07-12 20:27:59+00:00,52903457,[<ReferencedTweet id=1546954090453819392 type=retweeted]
1546954585826361348,2022-07-12 20:28:08+00:00,1123515222969417728,[<ReferencedTweet id=1546954090453819392 type=retweeted]
1546954793410772995,2022-07-12 20:28:58+00:00,852352465525776384,[<ReferencedTweet id=1546954090453819392 type=retweeted]
1546954812775972871,2022-07-12 20:29:03+00:00,1244310484913971201,[<ReferencedTweet id=1546954090453819392 type=retweeted]
1546954961233264642,2022-07-12 20:29:38+00:00,1244446001680855040,[<ReferencedTweet id=1546954090453819392 type=retweeted]
1546954988634644480,2022-07-12 20:29:44+00:00,1511460451858661395,[<ReferencedTweet id=1546954090453819392 type=retweeted]
1546955315786153984,2022-07-12 20:31:02+00:00,1254086154242097152,[<ReferencedTweet id=1546954090453819392 type=retweeted]
1546955363345481728,2022-07-12 20:31:14+00:00,841632485494644736,[<ReferencedTweet id=1546878328883347457 type=retweeted]
1546955470983815169,2022-07-12 20:31:39+00:00,263663895,[<ReferencedTweet id=1546954090453819392 type=retweeted]
1546955485718450179,2022-07-12 20:31:43+00:00,1136065542366867458,[<ReferencedTweet id=1546954090453819392 type=retweeted]
1546955635253723137,2022-07-12 20:32:19+00:00,1956455598,[<ReferencedTweet id=1546954090453819392 type=retweeted]
1546955709715202049,2022-07-12 20:32:36+00:00,1075132085654966275,[<ReferencedTweet id=1546954090453819392 type=retweeted]
1546955984886808576,2022-07-12 20:33:42+00:00,28468899,[<ReferencedTweet id=1546878328883347457 type=retweeted]
1546956284162875392,2022-07-12 20:34:53+00:00,772239554,[<ReferencedTweet id=1546954090453819392 type=retweeted]
1546956526379831296,2022-07-12 20:35:51+00:00,1076545624617684992,[<ReferencedTweet id=1546878328883347457 type=retweeted]
1546956887928750083,2022-07-12 20:37:17+00:00,1341722854535127041,[<ReferencedTweet id=1546954090453819392 type=retweeted]
1546956942542864386,2022-07-12 20:37:30+00:00,1276582349799555075,[<ReferencedTweet id=1546954090453819392 type=retweeted]
1546956976097222657,2022-07-12 20:37:38+00:00,1357080490797379584,[<ReferencedTweet id=1546954090453819392 type=retweeted]
1546957299486543873,2022-07-12 20:38:55+00:00,1065079010709901312,[<ReferencedTweet id=1546954090453819392 type=retweeted]
1546957378893058049,2022-07-12 20:39:14+00:00,130279902,[<ReferencedTweet id=1546908197084078081 type=retweeted]
1546957413005369346,2022-07-12 20:39:22+00:00,130279902,[<ReferencedTweet id=1546849549041426433 type=retweeted]
1546957471956324354,2022-07-12 20:39:37+00:00,130279902,[<ReferencedTweet id=1546935883458289665 type=retweeted]
1546957519729397761,2022-07-12 20:39:48+00:00,1027951848500731904,[<ReferencedTweet id=1546954090453819392 type=retweeted]
1546957520106885120,2022-07-12 20:39:48+00:00,130279902,[<ReferencedTweet id=1546944595153616898 type=retweeted]
1546957556085555201,2022-07-12 20:39:57+00:00,130279902,[<ReferencedTweet id=1546863383030398976 type=retweeted]
1546957556148588545,2022-07-12 20:39:57+00:00,1185226932604080130,[<ReferencedTweet id=1546954090453819392 type=retweeted]
1546957679326797825,2022-07-12 20:40:26+00:00,2899053046,[<ReferencedTweet id=1546954090453819392 type=retweeted]
1546957794968014849,2022-07-12 20:40:54+00:00,1114610395644354566,[<ReferencedTweet id=1546954090453819392 type=retweeted]
1546957938056695816,2022-07-12 20:41:28+00:00,2922006825,[<ReferencedTweet id=1546954090453819392 type=retweeted]
1546957965696983041,2022-07-12 20:41:34+00:00,1251974711753322496,[<ReferencedTweet id=1546878328883347457 type=retweeted]
1546958172749025280,2022-07-12 20:42:24+00:00,1037814259022016513,[<ReferencedTweet id=1546878328883347457 type=retweeted]
1546958294341779457,2022-07-12 20:42:53+00:00,803241200530685954,[<ReferencedTweet id=1546954090453819392 type=retweeted]
1546959098402545664,2022-07-12 20:46:04+00:00,3593888188,[<ReferencedTweet id=1546954090453819392 type=retweeted]
1546959163107966976,2022-07-12 20:46:20+00:00,1373745519575642117,[<ReferencedTweet id=1546954090453819392 type=retweeted]
1546959748922310657,2022-07-13 17:38:28+00:00,1219445612481073154,[<ReferencedTweet id=1546959748922310657 type=replied_to]
1546959999787745281,2022-07-12 20:49:39+00:00,1308164788334321666,[<ReferencedTweet id=1546954090453819392 type=retweeted]
1546960283545001984,2022-07-12 20:50:47+00:00,922156430328827906,
1546960354055446529,2022-07-12 20:51:04+00:00,800786097961766912,[<ReferencedTweet id=1546954090453819392 type=retweeted]
1546960377728176129,2022-07-12 20:51:09+00:00,348416849,[<ReferencedTweet id=1546954090453819392 type=retweeted]
1546960395440717830,2022-07-12 20:51:14+00:00,1074839763688022017,[<ReferencedTweet id=1546954090453819392 type=retweeted]
1546960655437242368,2022-07-12 20:52:16+00:00,1521907377796169728,[<ReferencedTweet id=1546954090453819392 type=retweeted]
1546960708734164993,2022-07-12 20:52:28+00:00,1477437015327232008,[<ReferencedTweet id=1546954090453819392 type=retweeted]
1546961244858580995,2022-07-12 20:54:36+00:00,1509648090189471747,[<ReferencedTweet id=1546878328883347457 type=retweeted]
1546961356749930498,2022-07-12 20:55:03+00:00,48095543,
1546961710313099266,2022-07-12 20:56:27+00:00,1526338842,[<ReferencedTweet id=1546878328883347457 type=retweeted]
1546961840965664771,2022-07-12 20:56:58+00:00,1488132584446087174,[<ReferencedTweet id=1546959748922310657 type=quoted]
1546962097438953472,2022-07-12 21:03:28+00:00,105299209,[<ReferencedTweet id=1546962097438953472 type=replied_to]
1546962307946790915,2022-07-12 21:40:17+00:00,38473676,[<ReferencedTweet id=1546962307946790915 type=replied_to]
1546962733509246979,2022-07-12 21:00:31+00:00,1257160319350321152,
1546962775171371008,2022-07-12 21:00:41+00:00,1481699614592057349,
1546963092583612422,2022-07-12 21:01:57+00:00,898120881096056833,[<ReferencedTweet id=1546878328883347457 type=retweeted]
1546963101374943232,2022-07-12 21:01:59+00:00,1368714443429969923,[<ReferencedTweet id=1546962307946790915 type=retweeted]
1546963183319015429,2022-07-12 21:02:18+00:00,1545413644535611395,[<ReferencedTweet id=1546878328883347457 type=retweeted]
1546963240932069376,2022-07-12 21:02:32+00:00,706478051815772160,[<ReferencedTweet id=1546962733509246979 type=retweeted]
1546963413833744385,2022-07-12 21:03:13+00:00,1098929760556761088,[<ReferencedTweet id=1546962307946790915 type=retweeted]
1546963421484171265,2022-07-12 21:03:15+00:00,2276481746,[<ReferencedTweet id=1546954090453819392 type=retweeted]
1546963618310258689,2022-07-12 21:04:02+00:00,1518600275052969984,[<ReferencedTweet id=1546954090453819392 type=retweeted]
1546963947768668163,2022-07-12 21:05:21+00:00,704108388918157313,
1546964822910173193,2022-07-12 21:08:49+00:00,364260575,[<ReferencedTweet id=1546962307946790915 type=retweeted]
1546965040984629254,2022-07-12 21:09:41+00:00,3220777273,[<ReferencedTweet id=1546878328883347457 type=retweeted]
1546965150321840129,2022-07-12 21:10:07+00:00,1100824195502624768,[<ReferencedTweet id=1546954090453819392 type=retweeted]
1546965170450227202,2022-07-12 21:10:12+00:00,1350991054879805446,[<ReferencedTweet id=1546954090453819392 type=retweeted]
1546965315845857282,2022-07-12 21:10:47+00:00,1070069614401503232,[<ReferencedTweet id=1546962307946790915 type=retweeted]
1546965363103043584,2022-07-12 21:10:58+00:00,1541894362665308163,
1546965512206393346,2022-07-12 21:11:33+00:00,1476629620892049409,[<ReferencedTweet id=1546954090453819392 type=retweeted]
1546965624483627009,2022-07-12 21:27:31+00:00,1467425250833051648,[<ReferencedTweet id=1546965624483627009 type=replied_to]
1546965738774315014,2022-07-12 21:12:28+00:00,1432378665334095872,[<ReferencedTweet id=1546954090453819392 type=retweeted]
1546965787755282433,2022-07-12 21:12:39+00:00,1353749935905189895,[<ReferencedTweet id=1546878328883347457 type=retweeted]
1546965936741257218,2022-07-12 21:13:15+00:00,1337536590013403136,[<ReferencedTweet id=1546878328883347457 type=retweeted]
1546966172154863617,2022-07-12 21:14:11+00:00,126064349,[<ReferencedTweet id=1546954090453819392 type=retweeted]
1546966287984824320,2022-07-12 21:14:38+00:00,1541894362665308163,
1546967333364711425,2022-07-12 21:18:48+00:00,71627663,[<ReferencedTweet id=1546878328883347457 type=retweeted]
1546967500847472647,2022-07-12 21:19:28+00:00,1391820007227731969,[<ReferencedTweet id=1546878328883347457 type=retweeted]
1546967943594000388,2022-07-12 21:21:13+00:00,1265770043457048576,[<ReferencedTweet id=1546878328883347457 type=retweeted]
1546967976292786183,2022-07-12 21:49:32+00:00,1224186301978677254,[<ReferencedTweet id=1546967976292786183 type=replied_to]
1546968118366461953,2022-07-12 22:05:49+00:00,1268655693336363009,[<ReferencedTweet id=1546968118366461953 type=replied_to]
1546968155754479622,2022-07-12 21:22:04+00:00,1448659388336459789,[<ReferencedTweet id=1546954090453819392 type=retweeted]
1546968345081266176,2022-07-12 21:22:49+00:00,1062503870184726530,[<ReferencedTweet id=1546878328883347457 type=retweeted]
1546968563210133509,2022-07-12 21:23:41+00:00,1295052246804201484,[<ReferencedTweet id=1546849549041426433 type=retweeted]
1546968916269961216,2022-07-12 21:25:05+00:00,363192755,[<ReferencedTweet id=1546962307946790915 type=retweeted]
1546969076731449344,2022-07-12 21:25:43+00:00,121551447,[<ReferencedTweet id=1546878328883347457 type=retweeted]
1546969363642810372,2022-07-12 21:26:52+00:00,1288958156345872384,[<ReferencedTweet id=1546962307946790915 type=retweeted]
1546969420387475456,2022-07-12 21:27:05+00:00,1241924859577479169,[<ReferencedTweet id=1546954090453819392 type=retweeted]
1546969603812823040,2022-07-12 21:27:49+00:00,1333355328306630659,[<ReferencedTweet id=1546878328883347457 type=retweeted]
1546969712722051073,2022-07-12 21:28:15+00:00,86706243,[<ReferencedTweet id=1546954090453819392 type=retweeted]
1546969979882455048,2022-07-12 21:29:19+00:00,1088580784037027840,[<ReferencedTweet id=1546878328883347457 type=retweeted]
1546970381440925696,2022-07-12 21:30:54+00:00,973656387078250496,[<ReferencedTweet id=1546954090453819392 type=retweeted]
1546970661955960832,2022-07-12 21:32:01+00:00,44121543,[<ReferencedTweet id=1546954090453819392 type=retweeted]
1546970915040272386,2022-07-12 21:33:02+00:00,1284133047344955393,[<ReferencedTweet id=1546878328883347457 type=retweeted]
1546971327118118912,2022-07-12 21:34:40+00:00,364260575,[<ReferencedTweet id=1546954090453819392 type=retweeted]
1546971488586240003,2022-07-12 21:35:18+00:00,271199314,[<ReferencedTweet id=1546962307946790915 type=retweeted]
1546971621591863297,2022-07-12 21:35:50+00:00,718224682122665984,[<ReferencedTweet id=1546878328883347457 type=retweeted]
1546971638071267331,2022-07-12 21:35:54+00:00,1539658765984829444,[<ReferencedTweet id=1546878328883347457 type=retweeted]
1546972130021195776,2022-07-12 21:37:51+00:00,1133705782522986496,[<ReferencedTweet id=1546878328883347457 type=retweeted]
1546972200430960640,2022-07-12 21:38:08+00:00,1295052246804201484,[<ReferencedTweet id=1546952016643211267 type=quoted]
1546972735074717698,2022-07-12 21:40:16+00:00,1526667243924475905,[<ReferencedTweet id=1546849549041426433 type=retweeted]
1546973092873895939,2022-07-12 21:41:41+00:00,1260366634407133196,[<ReferencedTweet id=1546878328883347457 type=retweeted]
1546973735424610305,2022-07-12 21:44:14+00:00,868436048333950978,[<ReferencedTweet id=1546878328883347457 type=retweeted]
1546974072269053954,2022-07-12 21:45:34+00:00,137200192,[<ReferencedTweet id=1546954090453819392 type=retweeted]
1546974095539052547,2022-07-12 21:45:40+00:00,1545782521,[<ReferencedTweet id=1546878328883347457 type=retweeted]
1546974181132230658,2022-07-12 21:46:00+00:00,747549079207612416,[<ReferencedTweet id=1546878328883347457 type=retweeted]
1546974682536091648,2022-07-12 21:48:00+00:00,1094120013643026432,[<ReferencedTweet id=1546878328883347457 type=retweeted]
1546974783736365060,2022-07-12 21:48:24+00:00,803952064187498496,[<ReferencedTweet id=1546878328883347457 type=retweeted]
1546974800320630785,2022-07-12 21:48:28+00:00,1103675194697240577,[<ReferencedTweet id=1546878328883347457 type=retweeted]
1546975069448069120,2022-07-12 21:49:32+00:00,892714237935706112,[<ReferencedTweet id=1546954090453819392 type=retweeted]
1546975191405928454,2022-07-12 21:50:01+00:00,432043543,[<ReferencedTweet id=1546878328883347457 type=retweeted]
1546975491235762176,2022-07-12 21:51:13+00:00,1525440264676024320,[<ReferencedTweet id=1546954090453819392 type=retweeted]
1546976472451219461,2022-07-12 21:55:07+00:00,997180202651410432,[<ReferencedTweet id=1546954090453819392 type=retweeted]
1546976762109853697,2022-07-12 21:56:16+00:00,1272549742434824199,[<ReferencedTweet id=1546878328883347457 type=retweeted]
1546976949007958024,2022-07-12 21:57:00+00:00,1311333442257379331,[<ReferencedTweet id=1545788957857824770 type=retweeted]
1546977800468455424,2022-07-12 22:00:23+00:00,1255019831205736451,[<ReferencedTweet id=1546954090453819392 type=retweeted]
1546977882416844800,2022-07-12 22:00:43+00:00,52464828,[<ReferencedTweet id=1546954090453819392 type=retweeted]
1546978058225213440,2022-07-12 22:01:25+00:00,1233138069865455618,[<ReferencedTweet id=1546962307946790915 type=retweeted]
1546978530088599553,2022-07-12 22:03:17+00:00,1076545624617684992,[<ReferencedTweet id=1546954090453819392 type=retweeted]
1546978581150146562,2022-07-12 22:03:29+00:00,4887663975,[<ReferencedTweet id=1545729520489086976 type=retweeted]
1546979032117284864,2022-07-12 22:05:17+00:00,1444818278782754818,[<ReferencedTweet id=1546849549041426433 type=retweeted]
1546980000066306048,2022-07-12 22:09:08+00:00,3069759091,[<ReferencedTweet id=1546954090453819392 type=retweeted]
1546980279461584898,2022-07-12 22:32:58+00:00,1498272881071071233,[<ReferencedTweet id=1546980279461584898 type=replied_to]
1546980433996439552,2022-07-12 22:10:51+00:00,1027951848500731904,[<ReferencedTweet id=1546878328883347457 type=retweeted]
1546981129999319040,2022-07-12 22:13:37+00:00,1475822254571274250,[<ReferencedTweet id=1546954090453819392 type=retweeted]
1546981360170065928,2022-07-12 22:14:32+00:00,35945161,[<ReferencedTweet id=1546979168289800192 type=retweeted]
1546981862429671429,2022-07-12 22:16:32+00:00,1402797596331155465,[<ReferencedTweet id=1546878328883347457 type=retweeted]
1546981921065943040,2022-07-12 22:16:46+00:00,1482101106595532800,[<ReferencedTweet id=1546954090453819392 type=retweeted]
1546982431101698049,2022-07-12 22:18:47+00:00,92780914,[<ReferencedTweet id=1546954090453819392 type=retweeted]
1546983205060116481,2022-07-12 22:21:52+00:00,1201298008823848960,[<ReferencedTweet id=1546954090453819392 type=retweeted]
1546983740173320192,2022-07-12 23:59:18+00:00,71423703,[<ReferencedTweet id=1546997972428283904 type=replied_to]
1546984622130712577,2022-07-12 22:27:30+00:00,1530157653153947649,[<ReferencedTweet id=1546952016643211267 type=quoted]
1546985355701788672,2022-07-12 22:30:25+00:00,724741056,[<ReferencedTweet id=1546962307946790915 type=retweeted]
1546985640251752448,2022-07-12 22:31:32+00:00,1129560320203210754,[<ReferencedTweet id=1546954090453819392 type=retweeted]
1546986651083309066,2022-07-12 22:35:33+00:00,1113851551775326209,[<ReferencedTweet id=1546878328883347457 type=retweeted]
1546986760571420672,2022-07-12 22:36:00+00:00,74701047,[<ReferencedTweet id=1546954090453819392 type=retweeted]
1546986838715498498,2022-07-12 22:36:18+00:00,1522917619925491712,[<ReferencedTweet id=1546954090453819392 type=retweeted]
1546988306268913665,2022-07-12 22:42:08+00:00,1516218989537603584,[<ReferencedTweet id=1546962307946790915 type=retweeted]
1546989131577888769,2022-07-12 22:45:25+00:00,803952064187498496,[<ReferencedTweet id=1546954090453819392 type=retweeted]
1546990111488937985,2022-07-12 22:49:18+00:00,3069759091,[<ReferencedTweet id=1546878328883347457 type=retweeted]
1546990400816267265,2022-07-12 22:50:27+00:00,1063891943464345601,[<ReferencedTweet id=1546878328883347457 type=retweeted]
1546990910097035265,2022-07-12 22:52:29+00:00,333767430,[<ReferencedTweet id=1546878328883347457 type=retweeted]
1546991391640780800,2022-07-12 22:54:24+00:00,1132302181783220226,
1546991594741665792,2022-07-12 22:55:12+00:00,180201591,[<ReferencedTweet id=1546954090453819392 type=retweeted]
1546991633215938560,2022-07-12 22:55:21+00:00,3063640900,[<ReferencedTweet id=1546991391640780800 type=retweeted]
1546991668980813826,2022-07-12 22:55:30+00:00,715912036685840384,[<ReferencedTweet id=1546878328883347457 type=retweeted]
1546991787545432066,2022-07-12 22:55:58+00:00,1065673154406830080,[<ReferencedTweet id=1546954090453819392 type=retweeted]
1546992798452355072,2022-07-12 22:59:59+00:00,74258993,[<ReferencedTweet id=1546954090453819392 type=retweeted]
1546993394743918597,2022-07-12 23:02:21+00:00,735672121,[<ReferencedTweet id=1546878328883347457 type=retweeted]
1546993586910253061,2022-07-12 23:03:07+00:00,1489977976041218054,[<ReferencedTweet id=1546991391640780800 type=retweeted]
1546995508773896195,2022-07-12 23:10:45+00:00,1370540161998675969,[<ReferencedTweet id=1546991391640780800 type=retweeted]
1546995515853864965,2022-07-12 23:10:47+00:00,73872549,[<ReferencedTweet id=1546962307946790915 type=retweeted]
1546995923762511872,2022-07-12 23:12:24+00:00,917850223187243009,[<ReferencedTweet id=1546878328883347457 type=retweeted]
1546995964057194496,2022-07-12 23:12:34+00:00,1377075312731828228,[<ReferencedTweet id=1545894353503240193 type=retweeted]
1546996500751781888,2022-07-12 23:14:42+00:00,1505484480143937541,[<ReferencedTweet id=1546878328883347457 type=retweeted]
1546996843258724353,2022-07-12 23:16:03+00:00,1353374653075447817,[<ReferencedTweet id=1546991391640780800 type=retweeted]
1546997009776889859,2022-07-12 23:16:43+00:00,253843774,[<ReferencedTweet id=1546878328883347457 type=retweeted]
1546997468696645632,2022-07-12 23:18:33+00:00,787348999019884544,[<ReferencedTweet id=1546991391640780800 type=retweeted]
1546998327417475077,2022-07-12 23:21:57+00:00,1485512994998165507,[<ReferencedTweet id=1546878328883347457 type=retweeted]
1546998388297703426,2022-07-12 23:22:12+00:00,1541251066213302272,[<ReferencedTweet id=1546991391640780800 type=retweeted]
1546999478695215106,2022-07-12 23:26:32+00:00,1150501516572286976,[<ReferencedTweet id=1546878328883347457 type=retweeted]
1547000023891804160,2022-07-12 23:28:42+00:00,1416822099478450177,[<ReferencedTweet id=1546878328883347457 type=retweeted]
1547000265429106688,2022-07-12 23:29:39+00:00,1340390307356176391,[<ReferencedTweet id=1545894353503240193 type=retweeted]
1547000766992420864,2022-07-12 23:31:39+00:00,1502054963199025157,[<ReferencedTweet id=1546878328883347457 type=retweeted]
1547001152507715587,2022-07-12 23:33:11+00:00,787809535067033600,[<ReferencedTweet id=1546878328883347457 type=retweeted]
1547001192336789504,2022-07-12 23:33:20+00:00,1340390307356176391,[<ReferencedTweet id=1545788957857824770 type=retweeted]
1547002037317115904,2022-07-12 23:36:42+00:00,1332442013908799488,[<ReferencedTweet id=1545894353503240193 type=retweeted]
1547002158092111872,2022-07-12 23:37:11+00:00,1068170734525136896,[<ReferencedTweet id=1546954090453819392 type=retweeted]
1547002798818082823,2022-07-12 23:39:43+00:00,1443727472533647366,[<ReferencedTweet id=1546878328883347457 type=retweeted]
1547002848738689026,2022-07-12 23:39:55+00:00,1465109982077198338,[<ReferencedTweet id=1546954090453819392 type=retweeted]
1547002931756548097,2022-07-12 23:40:15+00:00,1297221395655602176,[<ReferencedTweet id=1546954090453819392 type=retweeted]
1547003275878273025,2022-07-12 23:41:37+00:00,1082094672829472769,[<ReferencedTweet id=1546878328883347457 type=retweeted]
1547003683103293444,2022-07-13 01:51:54+00:00,1343306833994412032,"[<ReferencedTweet id=1545830230375407617 type=quoted, <ReferencedTweet id=1547003683103293444 type=replied_to]"
1547005485391482880,2022-07-12 23:50:24+00:00,74701047,[<ReferencedTweet id=1546962307946790915 type=retweeted]
1547005916159135745,2022-07-12 23:52:07+00:00,1255099986175578112,[<ReferencedTweet id=1545894353503240193 type=retweeted]
1547005984475959301,2022-07-12 23:52:23+00:00,1098296834408222720,[<ReferencedTweet id=1545894353503240193 type=retweeted]
1547006781238702080,2022-07-13 00:30:05+00:00,1203301662024196096,[<ReferencedTweet id=1547006781238702080 type=replied_to]
1547007395104231424,2022-07-12 23:57:59+00:00,292987475,[<ReferencedTweet id=1546954090453819392 type=retweeted]
1547007623299571714,2022-07-12 23:58:54+00:00,785253660771115013,[<ReferencedTweet id=1546878328883347457 type=retweeted]
1547008255842557959,2022-07-13 00:01:24+00:00,739454765889925120,[<ReferencedTweet id=1546878328883347457 type=retweeted]
1547008957717389317,2022-07-13 00:04:12+00:00,1506304722533298178,[<ReferencedTweet id=1546878328883347457 type=retweeted]
1547009080048467971,2022-07-13 00:04:41+00:00,1539750316358438912,[<ReferencedTweet id=1546954090453819392 type=retweeted]
1547009742744190976,2022-07-13 00:07:19+00:00,980614370291011584,
1547009976031494145,2022-07-13 00:08:14+00:00,1213820679088300032,[<ReferencedTweet id=1546962307946790915 type=retweeted]
1547010145254875137,2022-07-13 00:08:55+00:00,61332283,[<ReferencedTweet id=1546878328883347457 type=retweeted]
1547010221117263873,2022-07-13 00:09:13+00:00,1115597653134401537,[<ReferencedTweet id=1546878328883347457 type=retweeted]
1547011106245427202,2022-07-13 00:12:44+00:00,1384977841549451264,[<ReferencedTweet id=1546913501502996480 type=quoted]
1547011126801702912,2022-07-13 00:12:49+00:00,1528967393963298817,[<ReferencedTweet id=1546954090453819392 type=retweeted]
1547011288752160770,2022-07-13 00:13:27+00:00,1013636816,[<ReferencedTweet id=1546878328883347457 type=retweeted]
1547011321169838080,2022-07-13 00:13:35+00:00,1256411464841265152,[<ReferencedTweet id=1546878328883347457 type=retweeted]
1547011888189407235,2022-07-13 00:15:50+00:00,1541150930921558016,[<ReferencedTweet id=1546954090453819392 type=retweeted]
1547012869497159680,2022-07-13 00:19:44+00:00,462467548,[<ReferencedTweet id=1546954090453819392 type=retweeted]
1547013721834258434,2022-07-13 00:23:08+00:00,702325259,[<ReferencedTweet id=1546857584975560704 type=retweeted]
1547014337524637698,2022-07-13 00:25:34+00:00,1500636122942164993,[<ReferencedTweet id=1546954090453819392 type=retweeted]
1547014458597318658,2022-07-13 00:26:03+00:00,1144309404407406592,[<ReferencedTweet id=1546878328883347457 type=retweeted]
1547014767088439297,2022-07-13 00:27:17+00:00,1272871358846980097,[<ReferencedTweet id=1546878328883347457 type=retweeted]
1547014914711093248,2022-07-13 00:27:52+00:00,130895983,[<ReferencedTweet id=1546878328883347457 type=retweeted]
1547015015475154944,2022-07-13 00:28:16+00:00,1361769529144209408,[<ReferencedTweet id=1546849549041426433 type=retweeted]
1547015061427953666,2022-07-13 00:28:27+00:00,35945161,[<ReferencedTweet id=1546878328883347457 type=retweeted]
1547015926389817344,2022-07-13 00:31:53+00:00,1479500535778754565,[<ReferencedTweet id=1546878328883347457 type=retweeted]
1547016019868368896,2022-07-13 00:32:15+00:00,1333459539996373002,[<ReferencedTweet id=1546857584975560704 type=retweeted]
1547016562426658816,2022-07-13 00:34:25+00:00,1482855606394441729,[<ReferencedTweet id=1546878328883347457 type=retweeted]
1547017158860865537,2022-07-13 00:36:47+00:00,1255659565431037952,[<ReferencedTweet id=1546954090453819392 type=retweeted]
1547017271373185024,2022-07-13 00:37:14+00:00,1149327466529468416,[<ReferencedTweet id=1546878328883347457 type=retweeted]
1547018583326298112,2022-07-13 00:42:27+00:00,43175439,[<ReferencedTweet id=1546954090453819392 type=retweeted]
1547018745918504961,2022-07-13 00:43:05+00:00,1522913602608541696,[<ReferencedTweet id=1546878328883347457 type=retweeted]
1547019504475144193,2022-07-13 00:46:06+00:00,1496648227407470592,[<ReferencedTweet id=1546857584975560704 type=retweeted]
1547020442380210178,2022-07-13 00:49:50+00:00,1154154103100125186,[<ReferencedTweet id=1546954090453819392 type=retweeted]
1547020525771399168,2022-07-13 00:50:10+00:00,385031370,
1547020926738472962,2022-07-13 00:51:45+00:00,2885049471,[<ReferencedTweet id=1546954090453819392 type=retweeted]
1547021378406195205,2022-07-13 00:53:33+00:00,1149327466529468416,[<ReferencedTweet id=1546954090453819392 type=retweeted]
1547021522946199553,2022-07-13 00:54:07+00:00,1270686899045314560,[<ReferencedTweet id=1546954090453819392 type=retweeted]
1547022743031484416,2022-07-13 00:58:58+00:00,1254639936222965766,[<ReferencedTweet id=1546954090453819392 type=retweeted]
1547022880118116353,2022-07-13 00:59:31+00:00,1545526063350091777,[<ReferencedTweet id=1546954090453819392 type=retweeted]
1547022915673235457,2022-07-13 00:59:40+00:00,3804119967,[<ReferencedTweet id=1546954090453819392 type=retweeted]
1547023164529688576,2022-07-13 01:00:39+00:00,1058121949870723075,[<ReferencedTweet id=1546954090453819392 type=retweeted]
1547023300882227200,2022-07-13 01:01:11+00:00,1435211602740064260,[<ReferencedTweet id=1546954090453819392 type=retweeted]
1547023302560038912,2022-07-13 01:01:12+00:00,1519319578567921665,[<ReferencedTweet id=1546954090453819392 type=retweeted]
1547023523515957249,2022-07-13 01:02:04+00:00,1122494023502041088,[<ReferencedTweet id=1546954090453819392 type=retweeted]
1547023551131258880,2022-07-13 01:02:11+00:00,1058121949870723075,[<ReferencedTweet id=1546979168289800192 type=retweeted]
1547023599499972609,2022-07-13 01:02:23+00:00,1364277899273121795,[<ReferencedTweet id=1546959748922310657 type=retweeted]
1547023876873404416,2022-07-13 01:03:29+00:00,1426170361255809028,[<ReferencedTweet id=1546878328883347457 type=retweeted]
1547023901758312448,2022-07-13 01:03:35+00:00,552392847,[<ReferencedTweet id=1546954090453819392 type=retweeted]
1547023911656820736,2022-07-13 01:03:37+00:00,309633451,[<ReferencedTweet id=1546857584975560704 type=retweeted]
1547024385164431363,2022-07-13 01:05:30+00:00,210598548,[<ReferencedTweet id=1546954090453819392 type=retweeted]
1547024755211083776,2022-07-13 01:06:58+00:00,1017492617632862209,[<ReferencedTweet id=1547007724650729473 type=retweeted]
1547025177854169088,2022-07-13 01:08:39+00:00,1538250019802955778,[<ReferencedTweet id=1546954090453819392 type=retweeted]
1547025207201775617,2022-07-13 01:08:46+00:00,1271584906544582657,[<ReferencedTweet id=1546954090453819392 type=retweeted]
1547025700502355969,2022-07-13 01:10:44+00:00,1518759570356723713,[<ReferencedTweet id=1546954090453819392 type=retweeted]
1547025818177658881,2022-07-13 01:11:12+00:00,1473245471518961666,[<ReferencedTweet id=1547007724650729473 type=retweeted]
1547025903976423425,2022-07-13 01:11:32+00:00,1452038739463708679,[<ReferencedTweet id=1546954090453819392 type=retweeted]
1547026221824937993,2022-07-13 01:12:48+00:00,1425921089901899787,[<ReferencedTweet id=1546857584975560704 type=retweeted]
1547026227487285248,2022-07-13 01:12:49+00:00,1544770197499830273,[<ReferencedTweet id=1546954090453819392 type=retweeted]
1547026362967506945,2022-07-13 01:13:21+00:00,1423109634475368450,[<ReferencedTweet id=1546878328883347457 type=retweeted]
1547026732292661249,2022-07-13 01:14:50+00:00,1256978721157898243,[<ReferencedTweet id=1546954090453819392 type=retweeted]
1547027038283907072,2022-07-13 01:16:02+00:00,1352049428,[<ReferencedTweet id=1546954090453819392 type=retweeted]
1547027050048983040,2022-07-13 01:16:05+00:00,1452038739463708679,[<ReferencedTweet id=1546849549041426433 type=retweeted]
1547027387816239104,2022-07-13 01:17:26+00:00,89195841,[<ReferencedTweet id=1546954090453819392 type=retweeted]
1547027622734995456,2022-07-13 01:18:22+00:00,1267266556725284864,[<ReferencedTweet id=1546954090453819392 type=retweeted]
1547028516474068993,2022-07-13 01:21:55+00:00,1497347457709129733,[<ReferencedTweet id=1546954090453819392 type=retweeted]
1547029067261743108,2022-07-13 01:24:06+00:00,237019028,[<ReferencedTweet id=1546878328883347457 type=retweeted]
1547030416166731778,2022-07-13 01:29:28+00:00,187769381,
1547030621108797440,2022-07-13 01:30:17+00:00,1482101106595532800,[<ReferencedTweet id=1546878328883347457 type=retweeted]
1547032090641850369,2022-07-13 01:36:07+00:00,1179868154824216576,[<ReferencedTweet id=1546883431774265344 type=quoted]
1547032283386880002,2022-07-13 01:36:53+00:00,2775664232,[<ReferencedTweet id=1546878328883347457 type=retweeted]
1547033416960540672,2022-07-13 01:41:23+00:00,1519820137980907523,
1547033656618848257,2022-07-13 01:42:20+00:00,33668723,[<ReferencedTweet id=1546878328883347457 type=retweeted]
1547033761560363008,2022-07-13 01:42:45+00:00,1078809196039233539,[<ReferencedTweet id=1546878328883347457 type=retweeted]
1547033839385673728,2022-07-13 01:43:04+00:00,1523959776530550784,[<ReferencedTweet id=1546954090453819392 type=retweeted]
1547035078773063680,2022-07-13 01:47:59+00:00,1081703062241243136,[<ReferencedTweet id=1546954090453819392 type=retweeted]
1547035251750453254,2022-07-13 01:48:41+00:00,872263465280385025,[<ReferencedTweet id=1546878328883347457 type=retweeted]
1547035467002019847,2022-07-13 01:49:32+00:00,1426170361255809028,[<ReferencedTweet id=1546954090453819392 type=retweeted]
1547035839506649088,2022-07-13 01:51:01+00:00,1347111067,[<ReferencedTweet id=1546878328883347457 type=retweeted]
1547036000018472961,2022-07-13 01:51:39+00:00,770975262754340864,[<ReferencedTweet id=1546954090453819392 type=retweeted]
1547037156115374080,2022-07-13 01:56:15+00:00,1453953996549333001,[<ReferencedTweet id=1546954090453819392 type=retweeted]
1547037928991428609,2022-07-13 01:59:19+00:00,928376231632035842,[<ReferencedTweet id=1546954090453819392 type=retweeted]
1547038063586680834,2022-07-13 01:59:51+00:00,1483209192441794560,[<ReferencedTweet id=1546878328883347457 type=retweeted]
1547038079109718020,2022-07-13 01:59:55+00:00,1224463544755851269,[<ReferencedTweet id=1546954090453819392 type=retweeted]
1547038861695614976,2022-07-13 02:03:01+00:00,3294333591,[<ReferencedTweet id=1546878328883347457 type=retweeted]
1547039551750815744,2022-07-13 02:05:46+00:00,1429499077381795844,[<ReferencedTweet id=1546954090453819392 type=retweeted]
1547039953267396608,2022-07-13 02:07:22+00:00,1147888368707129349,[<ReferencedTweet id=1546954090453819392 type=retweeted]
1547039960309587968,2022-07-13 02:07:23+00:00,1115424206676791296,[<ReferencedTweet id=1546878328883347457 type=retweeted]
1547040275729711115,2022-07-13 02:08:39+00:00,1370949940260827136,[<ReferencedTweet id=1546878328883347457 type=retweeted]
1547042356511268865,2022-07-13 02:16:55+00:00,1135205866821619713,[<ReferencedTweet id=1546954090453819392 type=retweeted]
1547042425432064001,2022-07-13 02:17:11+00:00,1348805239256866819,[<ReferencedTweet id=1546913501502996480 type=quoted]
1547044138071330822,2022-07-13 02:23:59+00:00,1401666377409249280,[<ReferencedTweet id=1546954090453819392 type=retweeted]
1547045344587956225,2022-07-13 02:28:47+00:00,1456220075346862080,[<ReferencedTweet id=1546962307946790915 type=retweeted]
1547046478799142913,2022-07-13 02:33:17+00:00,1264007887556313088,[<ReferencedTweet id=1546878328883347457 type=retweeted]
1547046612588961792,2022-07-13 02:33:49+00:00,486135085,[<ReferencedTweet id=1546984622130712577 type=retweeted]
1547046666259386369,2022-07-13 02:34:02+00:00,1538919122678980610,[<ReferencedTweet id=1546954090453819392 type=retweeted]
1547046915455557632,2022-07-13 02:35:02+00:00,855811973652590593,[<ReferencedTweet id=1546962307946790915 type=retweeted]
1547046943226056704,2022-07-13 02:35:08+00:00,855811973652590593,[<ReferencedTweet id=1546857584975560704 type=retweeted]
1547047033445523456,2022-07-13 02:35:30+00:00,855811973652590593,[<ReferencedTweet id=1546913035326988289 type=retweeted]
1547047063757766656,2022-07-13 02:35:37+00:00,855811973652590593,[<ReferencedTweet id=1546959748922310657 type=retweeted]
1547047142921015296,2022-07-13 02:35:56+00:00,855811973652590593,[<ReferencedTweet id=1546849549041426433 type=retweeted]
1547047179675656194,2022-07-13 02:36:05+00:00,855811973652590593,[<ReferencedTweet id=1546908197084078081 type=retweeted]
1547047319224438786,2022-07-13 02:36:38+00:00,1322682893395808260,[<ReferencedTweet id=1546878328883347457 type=retweeted]
1547047380226396160,2022-07-13 02:36:52+00:00,1222975822564294656,[<ReferencedTweet id=1546857584975560704 type=retweeted]
1547048075151147010,2022-07-13 02:39:38+00:00,884248035739480064,[<ReferencedTweet id=1546878328883347457 type=retweeted]
1547048231636537344,2022-07-13 02:40:15+00:00,1252391071969050624,[<ReferencedTweet id=1546878328883347457 type=retweeted]
1547050224308428800,2022-07-13 02:48:10+00:00,1030132573941518338,[<ReferencedTweet id=1546878328883347457 type=retweeted]
1547050301282258944,2022-07-13 02:48:29+00:00,1030132573941518338,[<ReferencedTweet id=1546908197084078081 type=retweeted]
1547050322207678466,2022-07-13 02:48:34+00:00,1030132573941518338,[<ReferencedTweet id=1546962307946790915 type=retweeted]
1547050367032201219,2022-07-13 02:48:44+00:00,1030132573941518338,[<ReferencedTweet id=1546857584975560704 type=retweeted]
1547050427094638593,2022-07-13 02:48:59+00:00,1030132573941518338,[<ReferencedTweet id=1546880247672569857 type=retweeted]
1547050472581828609,2022-07-13 02:49:10+00:00,1030132573941518338,[<ReferencedTweet id=1546984622130712577 type=retweeted]
1547050528001105921,2022-07-13 02:49:23+00:00,1030132573941518338,[<ReferencedTweet id=1546829074835857411 type=retweeted]
1547050651196219392,2022-07-13 02:49:52+00:00,37809099,[<ReferencedTweet id=1546857584975560704 type=retweeted]
1547050668493504517,2022-07-13 02:49:56+00:00,37809099,[<ReferencedTweet id=1546962307946790915 type=retweeted]
1547050739146653697,2022-07-13 02:50:13+00:00,1030132573941518338,[<ReferencedTweet id=1546913035326988289 type=retweeted]
1547050835003248640,2022-07-13 02:50:36+00:00,1106800789991890944,[<ReferencedTweet id=1545760200619163649 type=retweeted]
1547050861012074497,2022-07-13 02:50:42+00:00,1518716036475936768,
1547051177354870784,2022-07-13 02:51:58+00:00,1405631491464380419,[<ReferencedTweet id=1546878328883347457 type=retweeted]
1547051204299079680,2022-07-13 02:52:04+00:00,1405631491464380419,[<ReferencedTweet id=1546954090453819392 type=retweeted]
1547051242588864512,2022-07-13 02:52:13+00:00,1405631491464380419,[<ReferencedTweet id=1546849549041426433 type=retweeted]
1547051271420518401,2022-07-13 02:52:20+00:00,1405631491464380419,[<ReferencedTweet id=1546984622130712577 type=retweeted]
1547051302810636288,2022-07-13 02:52:28+00:00,1405631491464380419,[<ReferencedTweet id=1546857584975560704 type=retweeted]
1547052823451504647,2022-07-13 02:58:30+00:00,1545812694045020162,[<ReferencedTweet id=1546878328883347457 type=retweeted]
1547053256869806084,2022-07-13 03:00:13+00:00,66516896,[<ReferencedTweet id=1546878328883347457 type=retweeted]
1547053888334958592,2022-07-13 03:02:44+00:00,1297924860950335489,[<ReferencedTweet id=1546878328883347457 type=quoted]
1547055295322636289,2022-07-13 03:08:19+00:00,1532188858888355840,[<ReferencedTweet id=1546878328883347457 type=retweeted]
1547055324481421314,2022-07-13 03:08:26+00:00,219050340,[<ReferencedTweet id=1546857584975560704 type=retweeted]
1547055442727149569,2022-07-13 03:08:55+00:00,219050340,[<ReferencedTweet id=1546984622130712577 type=retweeted]
1547064277936345091,2022-07-13 03:44:01+00:00,65473380,[<ReferencedTweet id=1546878328883347457 type=retweeted]
1547065042713067520,2022-07-13 03:47:03+00:00,1440119075439513600,[<ReferencedTweet id=1546984622130712577 type=retweeted]
1547065131741446146,2022-07-13 03:47:25+00:00,1440119075439513600,[<ReferencedTweet id=1546878328883347457 type=retweeted]
1547065258392657920,2022-07-13 03:47:55+00:00,1540899880960491520,[<ReferencedTweet id=1546984622130712577 type=retweeted]
1547068221769105410,2022-07-13 03:59:41+00:00,1504222051724406789,[<ReferencedTweet id=1546954090453819392 type=retweeted]
1547068308104560641,2022-07-13 04:00:02+00:00,1504222051724406789,[<ReferencedTweet id=1546878328883347457 type=retweeted]
1547068651421007872,2022-07-13 04:01:24+00:00,1502740691352530949,[<ReferencedTweet id=1546954090453819392 type=retweeted]
1547070155599056896,2022-07-13 04:07:22+00:00,1132789902075138049,[<ReferencedTweet id=1546878328883347457 type=retweeted]
1547070345299075073,2022-07-13 04:08:08+00:00,218684207,[<ReferencedTweet id=1546878328883347457 type=retweeted]
1547070870941753344,2022-07-13 04:10:13+00:00,1264632181592375297,[<ReferencedTweet id=1546878328883347457 type=retweeted]
1547071935850356736,2022-07-13 04:14:27+00:00,164088786,[<ReferencedTweet id=1546878328883347457 type=retweeted]
1547073917327753216,2022-07-13 04:22:19+00:00,3416122545,[<ReferencedTweet id=1546954090453819392 type=retweeted]
1547074972245540864,2022-07-13 04:26:31+00:00,1479238801922924547,[<ReferencedTweet id=1546878328883347457 type=retweeted]
1547075297987657728,2022-07-13 04:27:48+00:00,211713629,[<ReferencedTweet id=1546878328883347457 type=retweeted]
1547075386202275841,2022-07-13 04:28:09+00:00,2278890587,[<ReferencedTweet id=1546878328883347457 type=retweeted]
1547078035794452480,2022-07-13 04:38:41+00:00,2515493545,[<ReferencedTweet id=1546878328883347457 type=retweeted]
1547079781497315330,2022-07-13 04:45:37+00:00,840341452236439552,[<ReferencedTweet id=1546878328883347457 type=retweeted]
1547086186711244803,2022-07-13 05:11:05+00:00,1316885411491348480,[<ReferencedTweet id=1546954090453819392 type=retweeted]
1547086186753261569,2022-07-13 05:11:05+00:00,1316885411491348480,[<ReferencedTweet id=1546962307946790915 type=retweeted]
1547089620730511361,2022-07-13 05:24:43+00:00,1307159732038316033,[<ReferencedTweet id=1546878328883347457 type=retweeted]
1547090836764168193,2022-07-13 05:29:33+00:00,1546144968229748739,[<ReferencedTweet id=1546954090453819392 type=retweeted]
1547093673049038848,2022-07-13 05:40:49+00:00,3656857516,[<ReferencedTweet id=1546878328883347457 type=retweeted]
1547098676056793088,2022-07-13 06:00:42+00:00,1308778500837511170,[<ReferencedTweet id=1546878328883347457 type=retweeted]
1547099947991957504,2022-07-13 06:05:45+00:00,1612731468,[<ReferencedTweet id=1546490055824445440 type=retweeted]
1547103942005428226,2022-07-13 06:21:38+00:00,1077274961373528065,[<ReferencedTweet id=1546878328883347457 type=retweeted]
1547114077889171456,2022-07-13 07:01:54+00:00,261937064,[<ReferencedTweet id=1546954090453819392 type=retweeted]
1547118648871075840,2022-07-13 07:20:04+00:00,847504136295677952,[<ReferencedTweet id=1546954090453819392 type=retweeted]
1547120117674303488,2022-07-13 07:25:54+00:00,1284570665606090752,[<ReferencedTweet id=1546954090453819392 type=retweeted]
1547121999046213634,2022-07-13 07:33:23+00:00,878162993288273920,[<ReferencedTweet id=1546954090453819392 type=retweeted]
1547124064875077632,2022-07-13 07:41:35+00:00,1264858704630947840,[<ReferencedTweet id=1546954090453819392 type=retweeted]
1547126230155235329,2022-07-13 07:50:12+00:00,1044723829489176576,[<ReferencedTweet id=1546978337293230080 type=quoted]
1547127698664919040,2022-07-13 07:56:02+00:00,1428377648267501578,[<ReferencedTweet id=1546954090453819392 type=retweeted]
1547131914699415552,2022-07-13 08:12:47+00:00,1270686899045314560,[<ReferencedTweet id=1546878328883347457 type=retweeted]
1547132454573674496,2022-07-13 08:14:56+00:00,1270686899045314560,[<ReferencedTweet id=1546962307946790915 type=retweeted]
1547143234828238848,2022-07-13 08:57:46+00:00,1140336600062332929,[<ReferencedTweet id=1546878328883347457 type=retweeted]
1547143460670640128,2022-07-13 08:58:40+00:00,1413741499225882632,[<ReferencedTweet id=1546954090453819392 type=retweeted]
1547144334868418560,2022-07-13 09:02:08+00:00,1299367922008285186,[<ReferencedTweet id=1546954090453819392 type=retweeted]
1547147944704544768,2022-07-13 09:16:29+00:00,1253066219080605698,[<ReferencedTweet id=1546878328883347457 type=retweeted]
1547150314586914816,2022-07-13 09:25:54+00:00,701147577530585090,[<ReferencedTweet id=1546880247672569857 type=retweeted]
1547150729911193603,2022-07-13 09:27:33+00:00,701147577530585090,[<ReferencedTweet id=1546878328883347457 type=retweeted]
1547153592074878978,2022-07-13 09:38:55+00:00,1372365475280265219,[<ReferencedTweet id=1546878328883347457 type=retweeted]
1547154006853783553,2022-07-13 09:40:34+00:00,253843774,[<ReferencedTweet id=1546962307946790915 type=retweeted]
1547155108139618305,2022-07-13 09:44:57+00:00,1145084798249197568,[<ReferencedTweet id=1546878328883347457 type=retweeted]
1547156914018156544,2022-07-13 09:52:07+00:00,2516828927,[<ReferencedTweet id=1546878328883347457 type=retweeted]
1547157153026347010,2022-07-13 09:53:04+00:00,484803648,[<ReferencedTweet id=1546954090453819392 type=retweeted]
1547157883145551872,2022-07-13 09:55:58+00:00,1518781565073084417,[<ReferencedTweet id=1546989686190927872 type=quoted]
1547161432848056320,2022-07-13 10:10:05+00:00,928025563293462528,[<ReferencedTweet id=1546954090453819392 type=retweeted]
1547165565722284037,2022-07-13 10:26:30+00:00,2445977294,[<ReferencedTweet id=1546954090453819392 type=retweeted]
1547165586043666433,2022-07-13 10:26:35+00:00,1543635456864182272,[<ReferencedTweet id=1546991391640780800 type=retweeted]
1547167952553787392,2022-07-13 10:35:59+00:00,951179269874569216,[<ReferencedTweet id=1546878328883347457 type=retweeted]
1547168876634456064,2022-07-13 10:39:39+00:00,53963672,[<ReferencedTweet id=1545735970363940864 type=retweeted]
1547168956133302272,2022-07-13 10:39:58+00:00,1320816319776890882,[<ReferencedTweet id=1545735970363940864 type=retweeted]
1547170706743562240,2022-07-13 10:46:56+00:00,1454985839700807681,[<ReferencedTweet id=1547065300553764864 type=quoted]
1547171012436951040,2022-07-13 10:48:09+00:00,1529184086157303810,[<ReferencedTweet id=1546984622130712577 type=retweeted]
1547176250472636416,2022-07-13 11:08:57+00:00,61531718,[<ReferencedTweet id=1546878328883347457 type=retweeted]
1547177514363133952,2022-07-13 11:13:59+00:00,1537532160919359488,[<ReferencedTweet id=1546984622130712577 type=retweeted]
1547178787166633984,2022-07-13 11:19:02+00:00,1101518471928651783,[<ReferencedTweet id=1546984622130712577 type=retweeted]
1547178946915176448,2022-07-13 11:19:40+00:00,1508510874809552911,[<ReferencedTweet id=1546878328883347457 type=retweeted]
1547179511749480448,2022-07-13 19:30:58+00:00,1264905038910160897,[<ReferencedTweet id=1547179511749480448 type=replied_to]
1547182262885703680,2022-07-13 11:32:51+00:00,936295264691814400,[<ReferencedTweet id=1546984622130712577 type=retweeted]
1547182995265708032,2022-07-13 11:35:45+00:00,1144955355463651328,[<ReferencedTweet id=1546962307946790915 type=retweeted]
1547185265780867073,2022-07-13 11:44:47+00:00,69729360,
1547186158739881984,2022-07-13 11:48:20+00:00,1511442125979889670,[<ReferencedTweet id=1547185265780867073 type=retweeted]
1547186250108616704,2022-07-13 11:48:42+00:00,1273702839416696839,[<ReferencedTweet id=1546878328883347457 type=retweeted]
1547186262934786055,2022-07-13 11:48:45+00:00,1510782297938841602,[<ReferencedTweet id=1547185265780867073 type=retweeted]
1547187095374110720,2022-07-13 11:52:03+00:00,1109711660800004096,[<ReferencedTweet id=1547185265780867073 type=retweeted]
1547187914840350721,2022-07-13 11:55:18+00:00,1046906890456915969,[<ReferencedTweet id=1546984622130712577 type=retweeted]
1547188699099799552,2022-07-13 11:58:25+00:00,1096391490161512460,[<ReferencedTweet id=1546878328883347457 type=retweeted]
1547188787872137216,2022-07-13 11:58:47+00:00,1480609549094686728,[<ReferencedTweet id=1547185265780867073 type=retweeted]
1547190608393080833,2022-07-13 12:06:01+00:00,1540093366448316417,[<ReferencedTweet id=1547185265780867073 type=retweeted]
1547190883723919361,2022-07-13 12:07:06+00:00,1520179874,[<ReferencedTweet id=1545735970363940864 type=retweeted]
1547191204588228609,2022-07-13 12:08:23+00:00,1518971024326467586,[<ReferencedTweet id=1547185265780867073 type=retweeted]
1547191279913672705,2022-07-13 12:08:41+00:00,520687481,[<ReferencedTweet id=1546984622130712577 type=retweeted]
1547193695677698049,2022-07-13 12:18:17+00:00,1253803082082848776,
1547195635425845248,2022-07-13 12:25:59+00:00,2647551600,[<ReferencedTweet id=1546878328883347457 type=retweeted]
1547195790317191170,2022-07-13 12:26:36+00:00,1399439198982225923,[<ReferencedTweet id=1546878328883347457 type=retweeted]
1547196447808016384,2022-07-13 12:29:13+00:00,1382748063412916224,[<ReferencedTweet id=1546878328883347457 type=retweeted]
1547196513012662273,2022-07-13 12:29:28+00:00,225841805,[<ReferencedTweet id=1547185265780867073 type=retweeted]
1547197247590481920,2022-07-13 12:32:24+00:00,1282443762191536129,[<ReferencedTweet id=1546984622130712577 type=retweeted]
1547200960136609793,2022-07-13 12:47:09+00:00,776085506702598144,[<ReferencedTweet id=1546878328883347457 type=retweeted]
1547203286985576448,2022-07-13 19:16:50+00:00,1140002383176568832,[<ReferencedTweet id=1547203286985576448 type=replied_to]
1547204001082576896,2022-07-13 12:59:14+00:00,1174321710251819008,[<ReferencedTweet id=1546878328883347457 type=retweeted]
1547209397755121665,2022-07-13 13:20:40+00:00,1254639936222965766,[<ReferencedTweet id=1546878328883347457 type=retweeted]
1547213052378054659,2022-07-13 13:35:12+00:00,24972070,[<ReferencedTweet id=1546878328883347457 type=retweeted]
1547213452279791620,2022-07-13 13:36:47+00:00,854780493107269634,[<ReferencedTweet id=1546878328883347457 type=retweeted]
1547213661172912128,2022-07-13 13:37:37+00:00,1518929915072192514,[<ReferencedTweet id=1546878328883347457 type=retweeted]
1547214085938356225,2022-07-13 13:39:18+00:00,1519825761565302784,[<ReferencedTweet id=1546878328883347457 type=retweeted]
1547214372510072833,2022-07-13 13:40:26+00:00,1315649719729872896,[<ReferencedTweet id=1546715187708846082 type=quoted]
1547214606162169856,2022-07-13 13:41:22+00:00,1253803082082848776,[<ReferencedTweet id=1547193695677698049 type=retweeted]
1547217712107200512,2022-07-13 13:53:43+00:00,190058453,[<ReferencedTweet id=1546954090453819392 type=retweeted]
1547219162401067013,2022-07-13 13:59:28+00:00,1378334971576848385,[<ReferencedTweet id=1546878328883347457 type=retweeted]
1547222154848108544,2022-07-13 14:11:22+00:00,1185226932604080130,[<ReferencedTweet id=1546962307946790915 type=retweeted]
1547224272829120512,2022-07-13 14:19:47+00:00,1417490761743061000,[<ReferencedTweet id=1547203286985576448 type=quoted]
1547225707905957888,2022-07-13 16:59:16+00:00,1371502174291828737,[<ReferencedTweet id=1547225707905957888 type=replied_to]
1547226585949929474,2022-07-13 14:28:58+00:00,990661921,[<ReferencedTweet id=1547222354836832256 type=retweeted]
1547227472973938689,2022-07-13 14:32:30+00:00,58806551,[<ReferencedTweet id=1547222354836832256 type=retweeted]
1547227902575525888,2022-07-13 14:34:12+00:00,1186441000669143043,[<ReferencedTweet id=1546878328883347457 type=retweeted]
1547229796274475008,2022-07-13 14:41:44+00:00,366613565,[<ReferencedTweet id=1546878328883347457 type=retweeted]
1547231889156603905,2022-07-13 14:50:03+00:00,2808588557,[<ReferencedTweet id=1546878328883347457 type=retweeted]
1547233635128033280,2022-07-13 14:56:59+00:00,1542255321267290113,[<ReferencedTweet id=1546954090453819392 type=retweeted]
1547234952298758154,2022-07-13 15:02:13+00:00,1239268687,[<ReferencedTweet id=1546954090453819392 type=retweeted]
1547240345305595904,2022-07-13 15:23:39+00:00,1338108141804916737,[<ReferencedTweet id=1547222963124113408 type=retweeted]
1547240590345179143,2022-07-13 15:24:37+00:00,353348067,[<ReferencedTweet id=1546954090453819392 type=retweeted]
1547240895614943232,2022-07-13 15:32:56+00:00,1473280438462468100,[<ReferencedTweet id=1547241952936173570 type=replied_to]
1547242301746978817,2022-07-13 15:31:25+00:00,1062168589376147457,[<ReferencedTweet id=1547222963124113408 type=retweeted]
1547242311821803521,2022-07-13 15:31:28+00:00,1062168589376147457,[<ReferencedTweet id=1547225627576631301 type=retweeted]
1547243204793311232,2022-07-13 15:35:01+00:00,1254052686200217600,[<ReferencedTweet id=1547225627576631301 type=retweeted]
1547244332465508354,2022-07-13 15:39:29+00:00,1527795263242481664,[<ReferencedTweet id=1545735970363940864 type=retweeted]
1547245308953993216,2022-07-13 15:43:22+00:00,1518715134264369161,[<ReferencedTweet id=1547185265780867073 type=retweeted]
1547245457927245827,2022-07-13 15:43:58+00:00,1527795263242481664,[<ReferencedTweet id=1546863383030398976 type=retweeted]
1547245820843630595,2022-07-13 15:45:24+00:00,1527795263242481664,[<ReferencedTweet id=1546888782456279041 type=retweeted]
1547245910350069762,2022-07-13 15:45:46+00:00,1546979272027406340,[<ReferencedTweet id=1546878328883347457 type=retweeted]
1547246223588999170,2022-07-13 15:47:00+00:00,1492936237912580096,[<ReferencedTweet id=1546863383030398976 type=retweeted]
1547246692344422400,2022-07-13 15:48:52+00:00,1492936237912580096,[<ReferencedTweet id=1545735970363940864 type=retweeted]
1547248298599358465,2022-07-13 15:55:15+00:00,528008924,[<ReferencedTweet id=1546878328883347457 type=retweeted]
1547248621275725824,2022-07-13 15:56:32+00:00,49057554,[<ReferencedTweet id=1546954090453819392 type=retweeted]
1547248877283188740,2022-07-13 15:57:33+00:00,219050340,
1547249980146171907,2022-07-13 16:01:56+00:00,1203422433845424128,[<ReferencedTweet id=1546878328883347457 type=retweeted]
1547254364045287425,2022-07-13 16:19:21+00:00,107702757,[<ReferencedTweet id=1546888782456279041 type=retweeted]
1547254691255533568,2022-07-13 16:20:39+00:00,1193177043967627264,[<ReferencedTweet id=1546954090453819392 type=retweeted]
1547254915554328577,2022-07-13 16:21:33+00:00,107702757,[<ReferencedTweet id=1545735970363940864 type=retweeted]
1547255329926299648,2022-07-13 16:23:11+00:00,4754210321,[<ReferencedTweet id=1546878328883347457 type=retweeted]
1547255957884993537,2022-07-13 16:25:41+00:00,219050340,[<ReferencedTweet id=1547248877283188740 type=retweeted]
1547257066095398913,2022-07-13 16:30:05+00:00,1508259918792568836,[<ReferencedTweet id=1546878328883347457 type=retweeted]
1547257575586111488,2022-07-13 16:32:07+00:00,168448512,[<ReferencedTweet id=1546878328883347457 type=retweeted]
1547258599612768256,2022-07-13 16:36:11+00:00,1126640506006581248,[<ReferencedTweet id=1546954090453819392 type=retweeted]
1547259678190718976,2022-07-13 16:40:28+00:00,1077199839350439936,[<ReferencedTweet id=1546857584975560704 type=retweeted]
1547261180544258048,2022-07-13 16:46:26+00:00,823373040,[<ReferencedTweet id=1546954090453819392 type=retweeted]
1547262951815512065,2022-07-13 16:53:29+00:00,528008924,[<ReferencedTweet id=1546954090453819392 type=retweeted]
1547263163183267841,2022-07-13 16:54:19+00:00,1357702872004182016,[<ReferencedTweet id=1547185265780867073 type=retweeted]
1547265154068480002,2022-07-13 17:02:14+00:00,347570205,[<ReferencedTweet id=1546878328883347457 type=retweeted]
1547268336404283393,2022-07-13 17:19:48+00:00,1539315886737068035,[<ReferencedTweet id=1547268336404283393 type=replied_to]
1547270012834140162,2022-07-13 17:21:32+00:00,1245078349074096128,[<ReferencedTweet id=1546878328883347457 type=retweeted]
1547270951573884928,2022-07-13 17:25:16+00:00,1463178648324907012,[<ReferencedTweet id=1546878328883347457 type=quoted]
1547271254666780672,2022-07-13 17:26:28+00:00,111376393,[<ReferencedTweet id=1546954090453819392 type=retweeted]
1547274804381863936,2022-07-13 17:40:34+00:00,1349901639658958854,[<ReferencedTweet id=1546878328883347457 type=retweeted]
1547277999501967366,2022-07-13 17:53:16+00:00,1315396217900236801,
1547278081844551680,2022-07-13 17:53:36+00:00,1136115610553847808,[<ReferencedTweet id=1547277999501967366 type=retweeted]
1547278094876254212,2022-07-13 17:53:39+00:00,1402633803626131459,[<ReferencedTweet id=1547277999501967366 type=retweeted]
1547278238153588736,2022-07-13 17:54:13+00:00,1511460451858661395,[<ReferencedTweet id=1547277999501967366 type=retweeted]
1547278250384232449,2022-07-13 17:54:16+00:00,90519789,[<ReferencedTweet id=1547277999501967366 type=retweeted]
1547278314666065920,2022-07-13 17:54:31+00:00,1355847373482840066,[<ReferencedTweet id=1547277999501967366 type=retweeted]
1547278578399731715,2022-07-13 17:55:34+00:00,1356906030429581315,[<ReferencedTweet id=1547222354836832256 type=retweeted]
1547278618258452480,2022-07-13 17:55:44+00:00,1544389185548722177,[<ReferencedTweet id=1547277999501967366 type=retweeted]
1547278668124372993,2022-07-13 17:55:56+00:00,1478553264815751173,[<ReferencedTweet id=1547277999501967366 type=retweeted]
1547278686390476800,2022-07-13 17:56:00+00:00,1266332934757326848,[<ReferencedTweet id=1547277999501967366 type=retweeted]
1547278695378944001,2022-07-13 17:56:02+00:00,749393714653585409,[<ReferencedTweet id=1547277999501967366 type=retweeted]
1547278772042358787,2022-07-13 17:56:20+00:00,1297221395655602176,[<ReferencedTweet id=1547277999501967366 type=retweeted]
1547278925918765057,2022-07-13 17:56:57+00:00,1255659565431037952,[<ReferencedTweet id=1547277999501967366 type=retweeted]
1547278955794817025,2022-07-13 17:57:04+00:00,52456147,[<ReferencedTweet id=1547277999501967366 type=retweeted]
1547279037046964225,2022-07-13 17:57:24+00:00,1276582349799555075,[<ReferencedTweet id=1547277999501967366 type=retweeted]
1547279131469119488,2022-07-13 17:57:46+00:00,1511442125979889670,[<ReferencedTweet id=1547277999501967366 type=retweeted]
1547279131985018881,2022-07-13 17:57:46+00:00,85196699,[<ReferencedTweet id=1547277999501967366 type=retweeted]
1547279269281374209,2022-07-13 17:58:19+00:00,1517880204953276418,[<ReferencedTweet id=1547277999501967366 type=retweeted]
1547279334771249152,2022-07-13 17:58:35+00:00,1404777449972502542,[<ReferencedTweet id=1547277999501967366 type=retweeted]
1547279353985253376,2022-07-13 17:58:39+00:00,1520816284530839553,[<ReferencedTweet id=1547277999501967366 type=retweeted]
1547279380686282753,2022-07-13 17:58:46+00:00,1263585853823086594,[<ReferencedTweet id=1547277999501967366 type=retweeted]
1547279656151384066,2022-07-13 17:59:51+00:00,75623056,[<ReferencedTweet id=1547277999501967366 type=retweeted]
1547279733909590018,2022-07-13 18:00:10+00:00,79535132,[<ReferencedTweet id=1547277999501967366 type=retweeted]
1547279794420781058,2022-07-13 18:00:24+00:00,1193305705425575942,[<ReferencedTweet id=1547277999501967366 type=retweeted]
1547279836795772929,2022-07-13 18:00:34+00:00,52481466,[<ReferencedTweet id=1547277999501967366 type=retweeted]
1547280031176589313,2022-07-13 18:01:21+00:00,1249830559,[<ReferencedTweet id=1547277999501967366 type=retweeted]
1547280083559260161,2022-07-13 18:01:33+00:00,68578544,[<ReferencedTweet id=1547277999501967366 type=retweeted]
1547280383825281025,2022-07-13 18:02:45+00:00,922111357528477696,[<ReferencedTweet id=1547277999501967366 type=retweeted]
1547280907014389766,2022-07-13 18:04:49+00:00,1521208601234313217,[<ReferencedTweet id=1547277999501967366 type=retweeted]
1547281348917878789,2022-07-13 18:06:35+00:00,419642410,[<ReferencedTweet id=1547277999501967366 type=retweeted]
1547281551167201280,2022-07-13 18:07:23+00:00,90556761,[<ReferencedTweet id=1547277999501967366 type=retweeted]
1547281623833608194,2022-07-13 18:07:40+00:00,177000971,[<ReferencedTweet id=1547277999501967366 type=retweeted]
1547281640392536065,2022-07-13 18:07:44+00:00,50708900,[<ReferencedTweet id=1547277999501967366 type=retweeted]
1547281693018669059,2022-07-13 18:07:57+00:00,1545823565089472512,[<ReferencedTweet id=1547277999501967366 type=retweeted]
1547282021755617281,2022-07-13 18:09:15+00:00,1059149907074932736,[<ReferencedTweet id=1547277999501967366 type=retweeted]
1547282060682862594,2022-07-13 18:09:25+00:00,907235714,[<ReferencedTweet id=1547277999501967366 type=retweeted]
1547282244544462848,2022-07-13 18:10:08+00:00,28365728,[<ReferencedTweet id=1547277999501967366 type=retweeted]
1547282634681769985,2022-07-13 18:11:41+00:00,219050340,[<ReferencedTweet id=1547277999501967366 type=retweeted]
1547282892719591426,2022-07-13 18:12:43+00:00,53954284,[<ReferencedTweet id=1547277999501967366 type=retweeted]
1547283203160948737,2022-07-13 18:13:57+00:00,1265682331995684874,[<ReferencedTweet id=1547277999501967366 type=retweeted]
1547283270877978624,2022-07-13 18:14:13+00:00,421418573,[<ReferencedTweet id=1547277999501967366 type=retweeted]
1547283369612001281,2022-07-13 18:14:37+00:00,1083382944,[<ReferencedTweet id=1547277999501967366 type=retweeted]
1547283434841817097,2022-07-13 18:14:52+00:00,600750914,[<ReferencedTweet id=1546954090453819392 type=retweeted]
1547283550973616128,2022-07-13 18:15:20+00:00,1540172883292573697,[<ReferencedTweet id=1547277999501967366 type=retweeted]
1547283698193686530,2022-07-13 18:15:55+00:00,2445977294,[<ReferencedTweet id=1547277999501967366 type=retweeted]
1547283936040157187,2022-07-13 18:16:52+00:00,1188131493782212608,[<ReferencedTweet id=1547277999501967366 type=retweeted]
1547284508369723393,2022-07-13 18:19:08+00:00,1084603348429488128,[<ReferencedTweet id=1547277999501967366 type=retweeted]
1547284640829825025,2022-07-13 18:19:40+00:00,92294693,[<ReferencedTweet id=1547277999501967366 type=retweeted]
1547284674246057987,2022-07-13 18:19:48+00:00,1059884429932462081,[<ReferencedTweet id=1547277999501967366 type=retweeted]
1547284829041053697,2022-07-13 18:20:25+00:00,1356872927766065152,[<ReferencedTweet id=1547277999501967366 type=retweeted]
1547284898221887488,2022-07-13 18:20:41+00:00,1445264867754184704,[<ReferencedTweet id=1547277999501967366 type=retweeted]
1547284995823353859,2022-07-13 18:21:04+00:00,109338291,[<ReferencedTweet id=1547277999501967366 type=retweeted]
1547285258101526529,2022-07-13 18:22:07+00:00,1355959248975503363,[<ReferencedTweet id=1547277999501967366 type=retweeted]
1547285497453617157,2022-07-13 18:23:04+00:00,1185226932604080130,[<ReferencedTweet id=1547277999501967366 type=retweeted]
1547285674881159168,2022-07-13 18:23:46+00:00,1241214076153409537,[<ReferencedTweet id=1547277999501967366 type=retweeted]
1547285680795049984,2022-07-13 18:23:48+00:00,837326365347176448,[<ReferencedTweet id=1546954090453819392 type=retweeted]
1547285689556942851,2022-07-13 18:23:50+00:00,709728996,[<ReferencedTweet id=1547277999501967366 type=retweeted]
1547286166038347777,2022-07-13 18:25:43+00:00,1366834448449347586,[<ReferencedTweet id=1547277999501967366 type=retweeted]
1547286410390081536,2022-07-13 18:26:42+00:00,4833712438,[<ReferencedTweet id=1547277999501967366 type=retweeted]
1547286983294259201,2022-07-13 18:28:58+00:00,1280986158877597696,[<ReferencedTweet id=1547277999501967366 type=retweeted]
1547287018652270595,2022-07-13 18:29:07+00:00,1027693576250109953,[<ReferencedTweet id=1546952016643211267 type=quoted]
1547287045583904769,2022-07-13 18:29:13+00:00,1611764744,[<ReferencedTweet id=1547277999501967366 type=retweeted]
1547287201909817344,2022-07-13 18:29:50+00:00,900916723,[<ReferencedTweet id=1547277999501967366 type=retweeted]
1547287622141317120,2022-07-13 18:31:30+00:00,983870776582565888,[<ReferencedTweet id=1547277999501967366 type=retweeted]
1547287909895651332,2022-07-13 18:32:39+00:00,1515467046699610116,[<ReferencedTweet id=1547277999501967366 type=retweeted]
1547287934939893761,2022-07-13 18:32:45+00:00,1421122263286489088,[<ReferencedTweet id=1547277999501967366 type=retweeted]
1547288134186049539,2022-07-13 18:33:33+00:00,3440054212,[<ReferencedTweet id=1547277999501967366 type=retweeted]
1547288394891403264,2022-07-13 18:34:35+00:00,1059091408647348224,[<ReferencedTweet id=1547277999501967366 type=retweeted]
1547288547325100032,2022-07-13 18:35:11+00:00,27765536,[<ReferencedTweet id=1546878328883347457 type=retweeted]
1547289025152679938,2022-07-13 18:37:05+00:00,1405975978682224640,[<ReferencedTweet id=1547277999501967366 type=retweeted]
1547289557984575488,2022-07-13 18:39:12+00:00,1408208001215959053,[<ReferencedTweet id=1547225627576631301 type=retweeted]
1547289665769725955,2022-07-13 18:39:38+00:00,1408208001215959053,[<ReferencedTweet id=1547222354836832256 type=retweeted]
1547290117588799489,2022-07-13 18:41:25+00:00,61332283,[<ReferencedTweet id=1547277999501967366 type=retweeted]
1547290606581456902,2022-07-13 18:43:22+00:00,1212057405741092864,[<ReferencedTweet id=1547277999501967366 type=retweeted]
1547290687460483072,2022-07-13 18:43:41+00:00,137558179,[<ReferencedTweet id=1547007724650729473 type=retweeted]
1547291362063794176,2022-07-13 18:46:22+00:00,3069759091,[<ReferencedTweet id=1547277999501967366 type=retweeted]
1547291599364935684,2022-07-13 18:47:19+00:00,42994751,[<ReferencedTweet id=1547277999501967366 type=retweeted]
1547291603500498944,2022-07-13 18:47:20+00:00,966365391860547584,[<ReferencedTweet id=1547277999501967366 type=retweeted]
1547291840247959552,2022-07-13 18:48:16+00:00,72731619,[<ReferencedTweet id=1547277999501967366 type=retweeted]
1547292098503839745,2022-07-13 18:49:18+00:00,1465109982077198338,[<ReferencedTweet id=1547277999501967366 type=retweeted]
1547292192762466306,2022-07-13 18:49:40+00:00,1085976919370317824,[<ReferencedTweet id=1547277999501967366 type=retweeted]
1547292312535007233,2022-07-13 18:50:09+00:00,3069759091,[<ReferencedTweet id=1546962307946790915 type=retweeted]
1547292496727871488,2022-07-13 18:50:53+00:00,1428377648267501578,[<ReferencedTweet id=1547277999501967366 type=retweeted]
1547292661542952960,2022-07-13 18:51:32+00:00,2565743456,[<ReferencedTweet id=1547277999501967366 type=retweeted]
1547292731214643207,2022-07-13 18:51:49+00:00,867481071876702209,[<ReferencedTweet id=1547277999501967366 type=retweeted]
1547293633140883458,2022-07-13 18:55:24+00:00,251222606,[<ReferencedTweet id=1547277999501967366 type=retweeted]
1547293788430794753,2022-07-13 18:56:01+00:00,1534621505765707776,[<ReferencedTweet id=1547277999501967366 type=retweeted]
1547293869204807681,2022-07-13 18:56:20+00:00,1257837602956292096,[<ReferencedTweet id=1546878328883347457 type=retweeted]
1547295153483833345,2022-07-13 19:01:26+00:00,1215806678408613890,
1547295191467544576,2022-07-13 19:01:35+00:00,1115259035018776583,[<ReferencedTweet id=1547277999501967366 type=retweeted]
1547295470535548929,2022-07-13 19:02:42+00:00,69112427,[<ReferencedTweet id=1547277999501967366 type=retweeted]
1547296017414033408,2022-07-13 19:04:52+00:00,1141899914085109760,[<ReferencedTweet id=1547203286985576448 type=quoted]
1547296033402605568,2022-07-13 19:04:56+00:00,546511973,[<ReferencedTweet id=1547277999501967366 type=retweeted]
1547296232384733186,2022-07-13 19:05:43+00:00,761136720049995776,
1547296692101341184,2022-07-13 19:07:33+00:00,1556650231,[<ReferencedTweet id=1547277999501967366 type=retweeted]
1547296911719292936,2022-07-13 19:08:25+00:00,1395886352206606340,[<ReferencedTweet id=1547277999501967366 type=retweeted]
1547296993969594368,2022-07-13 19:08:45+00:00,1435251482077581313,
1547297185578074113,2022-07-13 19:09:31+00:00,26899753,
1547297536351903747,2022-07-13 19:10:54+00:00,1120293939674849281,[<ReferencedTweet id=1546878328883347457 type=retweeted]
1547297743785295872,2022-07-13 19:11:44+00:00,1518325292489658368,[<ReferencedTweet id=1547277999501967366 type=retweeted]
1547298062225252355,2022-07-13 19:13:00+00:00,1492936237912580096,[<ReferencedTweet id=1547277999501967366 type=retweeted]
1547298333374533634,2022-07-13 19:14:04+00:00,1215806678408613890,
1547298366698229761,2022-07-13 19:14:12+00:00,1468340056935235587,[<ReferencedTweet id=1547277999501967366 type=retweeted]
1547298574840520708,2022-07-13 19:15:02+00:00,1492936237912580096,[<ReferencedTweet id=1546857584975560704 type=retweeted]
1547298658680545281,2022-07-13 19:15:22+00:00,1436687256237056001,[<ReferencedTweet id=1547277999501967366 type=retweeted]
1547298740473561088,2022-07-13 19:15:41+00:00,1492936237912580096,[<ReferencedTweet id=1546954090453819392 type=retweeted]
1547298753576574980,2022-07-13 19:15:44+00:00,1519096455272751104,[<ReferencedTweet id=1547277999501967366 type=retweeted]
1547298826410758149,2022-07-13 19:16:02+00:00,3995796735,[<ReferencedTweet id=1547277999501967366 type=retweeted]
1547299155126628354,2022-07-13 19:17:20+00:00,1226441076560596994,[<ReferencedTweet id=1547277999501967366 type=retweeted]
1547299344772202497,2022-07-13 19:18:05+00:00,1402065053092884496,[<ReferencedTweet id=1547277999501967366 type=retweeted]
1547299466620837894,2022-07-13 19:18:34+00:00,1046093875205615616,[<ReferencedTweet id=1547277999501967366 type=retweeted]
1547299539845058562,2022-07-13 19:18:52+00:00,1470335341081120768,[<ReferencedTweet id=1546849549041426433 type=retweeted]
1547299628500000771,2022-07-13 19:19:13+00:00,1107956027566231553,[<ReferencedTweet id=1547277999501967366 type=retweeted]
1547299686507286539,2022-07-13 19:19:27+00:00,1492936237912580096,[<ReferencedTweet id=1545905576592478215 type=retweeted]
1547300078066475011,2022-07-13 19:21:00+00:00,1450188828266872833,[<ReferencedTweet id=1547277999501967366 type=retweeted]
1547300390835716096,2022-07-13 19:22:15+00:00,847869575677050881,[<ReferencedTweet id=1545905576592478215 type=retweeted]
1547300540173918217,2022-07-13 19:22:50+00:00,47324875,[<ReferencedTweet id=1547277999501967366 type=retweeted]
1547300652979814401,2022-07-13 19:23:17+00:00,113757166,[<ReferencedTweet id=1547277999501967366 type=retweeted]
1547301316791263232,2022-07-13 19:25:56+00:00,548019377,[<ReferencedTweet id=1547277999501967366 type=retweeted]
1547301991025631232,2022-07-13 19:28:36+00:00,74701047,[<ReferencedTweet id=1547277999501967366 type=retweeted]
1547302010617298945,2022-07-13 19:28:41+00:00,1468396810611789825,[<ReferencedTweet id=1547277999501967366 type=retweeted]
1547302510528004096,2022-07-13 19:30:40+00:00,247506940,[<ReferencedTweet id=1547277999501967366 type=retweeted]
1547302748672114688,2022-07-13 19:31:37+00:00,1280246398483562496,[<ReferencedTweet id=1547277999501967366 type=retweeted]
1547303222825689089,2022-07-13 19:33:30+00:00,1175142693183340556,[<ReferencedTweet id=1547277999501967366 type=retweeted]
1547303616377196545,2022-07-13 19:35:04+00:00,47324875,[<ReferencedTweet id=1545905576592478215 type=retweeted]
1547304008666255360,2022-07-13 19:36:37+00:00,978377599385853952,[<ReferencedTweet id=1547277999501967366 type=retweeted]
1547304209074323456,2022-07-13 19:37:25+00:00,814665108488077313,[<ReferencedTweet id=1547287018652270595 type=retweeted]
1547304417531232256,2022-07-13 19:38:15+00:00,1252223705150783488,[<ReferencedTweet id=1547277999501967366 type=retweeted]
1547304509277454338,2022-07-13 19:38:37+00:00,1254052686200217600,[<ReferencedTweet id=1546878328883347457 type=retweeted]
1547305108257619968,2022-07-13 19:41:00+00:00,842927213284638720,[<ReferencedTweet id=1547277999501967366 type=retweeted]
1547305189190795264,2022-07-13 19:41:19+00:00,1252388742205227008,[<ReferencedTweet id=1547277999501967366 type=retweeted]
1547305256777908224,2022-07-13 19:41:35+00:00,2680546844,[<ReferencedTweet id=1547277999501967366 type=retweeted]
1547305465209651205,2022-07-13 19:42:25+00:00,2883356367,[<ReferencedTweet id=1547277999501967366 type=retweeted]
1547306076814598144,2022-07-13 19:44:50+00:00,1453035778221748225,[<ReferencedTweet id=1547277999501967366 type=retweeted]
